{"schema":"libwebp-encoder-stage-v1","record_type":"encode","run_id":"","case_id":"","backend":"","pid":803555,"encode_index":0,"sample_role":"cold","method":4,"quality":75.000,"lossless":false,"exact":true,"thread_level":0,"width":1600,"height":1200,"pixels":1920000,"ok":true,"error_code":0,"output_bytes":0,"metal_cross_color":false,"metal_hash":false,"total_ns":150645566,"stages":{"lossy_import":{"ns":119562020,"calls":1},"lossy_encoder_init":{"ns":73207,"calls":1},"lossy_analyze":{"ns":116628,"calls":1},"lossy_encode_loop":{"ns":30559036,"calls":1},"lossy_decimate":{"ns":26643450,"calls":7501},"lossy_record_tokens":{"ns":176043,"calls":7500},"lossy_alpha":{"ns":200,"calls":2},"lossy_write":{"ns":332592,"calls":1},"lossy_iter_import":{"ns":1093884,"calls":7500},"lossy_side_info":{"ns":199229,"calls":7500},"lossy_emit_tokens":{"ns":742769,"calls":1},"lossy_post_loop":{"ns":1863,"calls":1}}}
{"schema":"libwebp-encoder-stage-v1","record_type":"encode","run_id":"","case_id":"","backend":"","pid":803555,"encode_index":1,"sample_role":"cold","method":4,"quality":75.000,"lossless":false,"exact":true,"thread_level":0,"width":512,"height":512,"pixels":262144,"ok":true,"error_code":0,"output_bytes":0,"metal_cross_color":false,"metal_hash":false,"total_ns":11173719,"stages":{"lossy_import":{"ns":408685,"calls":1},"lossy_encoder_init":{"ns":2695,"calls":1},"lossy_analyze":{"ns":13956,"calls":1},"lossy_encode_loop":{"ns":10656321,"calls":1},"lossy_decimate":{"ns":9833846,"calls":1025},"lossy_record_tokens":{"ns":23276,"calls":1024},"lossy_alpha":{"ns":90,"calls":2},"lossy_write":{"ns":90650,"calls":1},"lossy_iter_import":{"ns":122147,"calls":1024},"lossy_side_info":{"ns":28451,"calls":1024},"lossy_emit_tokens":{"ns":408534,"calls":1},"lossy_post_loop":{"ns":1233,"calls":1}}}
{"schema":"libwebp-encoder-stage-v1","record_type":"encode","run_id":"","case_id":"","backend":"","pid":803555,"encode_index":2,"sample_role":"cold","method":4,"quality":75.000,"lossless":false,"exact":true,"thread_level":0,"width":1600,"height":1200,"pixels":1920000,"ok":true,"error_code":0,"output_bytes":0,"metal_cross_color":false,"metal_hash":false,"total_ns":36362219,"stages":{"lossy_import":{"ns":2306685,"calls":1},"lossy_encoder_init":{"ns":5179,"calls":1},"lossy_analyze":{"ns":82454,"calls":1},"lossy_encode_loop":{"ns":31395219,"calls":1},"lossy_decimate":{"ns":26100733,"calls":7501},"lossy_record_tokens":{"ns":182803,"calls":7500},"lossy_alpha":{"ns":180,"calls":2},"lossy_write":{"ns":2570878,"calls":1},"lossy_iter_import":{"ns":806233,"calls":7500},"lossy_side_info":{"ns":199939,"calls":7500},"lossy_emit_tokens":{"ns":2396673,"calls":1},"lossy_post_loop":{"ns":1844,"calls":1}}}
{"schema":"libwebp-encoder-stage-v1","record_type":"encode","run_id":"","case_id":"","backend":"","pid":803555,"encode_index":3,"sample_role":"cold","method":4,"quality":75.000,"lossless":false,"exact":true,"thread_level":0,"width":512,"height":512,"pixels":262144,"ok":true,"error_code":0,"output_bytes":0,"metal_cross_color":false,"metal_hash":false,"total_ns":11850565,"stages":{"lossy_import":{"ns":417291,"calls":1},"lossy_encoder_init":{"ns":2484,"calls":1},"lossy_analyze":{"ns":13345,"calls":1},"lossy_encode_loop":{"ns":11106584,"calls":1},"lossy_decimate":{"ns":9912061,"calls":1025},"lossy_record_tokens":{"ns":23738,"calls":1024},"lossy_alpha":{"ns":90,"calls":2},"lossy_write":{"ns":309398,"calls":1},"lossy_iter_import":{"ns":121651,"calls":1024},"lossy_side_info":{"ns":28094,"calls":1024},"lossy_emit_tokens":{"ns":688558,"calls":1},"lossy_post_loop":{"ns":1222,"calls":1}}}
{"schema":"libwebp-encoder-stage-v1","record_type":"encode","run_id":"","case_id":"","backend":"","pid":803555,"encode_index":4,"sample_role":"cold","method":4,"quality":75.000,"lossless":false,"exact":true,"thread_level":0,"width":1600,"height":1200,"pixels":1920000,"ok":true,"error_code":0,"output_bytes":0,"metal_cross_color":false,"metal_hash":false,"total_ns":85248813,"stages":{"lossy_import":{"ns":2477163,"calls":1},"lossy_encoder_init":{"ns":5330,"calls":1},"lossy_analyze":{"ns":80380,"calls":1},"lossy_encode_loop":{"ns":73057371,"calls":1},"lossy_decimate":{"ns":51004890,"calls":7501},"lossy_record_tokens":{"ns":186568,"calls":7500},"lossy_alpha":{"ns":261,"calls":2},"lossy_write":{"ns":9625453,"calls":1},"lossy_iter_import":{"ns":710895,"calls":7500},"lossy_side_info":{"ns":222240,"calls":7500},"lossy_emit_tokens":{"ns":17184721,"calls":1},"lossy_post_loop":{"ns":2955,"calls":1}}}
{"schema":"libwebp-encoder-stage-v1","record_type":"encode","run_id":"","case_id":"","backend":"","pid":803555,"encode_index":5,"sample_role":"cold","method":4,"quality":75.000,"lossless":false,"exact":true,"thread_level":0,"width":512,"height":512,"pixels":262144,"ok":true,"error_code":0,"output_bytes":0,"metal_cross_color":false,"metal_hash":false,"total_ns":14349418,"stages":{"lossy_import":{"ns":673269,"calls":1},"lossy_encoder_init":{"ns":8005,"calls":1},"lossy_analyze":{"ns":27051,"calls":1},"lossy_encode_loop":{"ns":13100051,"calls":1},"lossy_decimate":{"ns":10200863,"calls":1025},"lossy_record_tokens":{"ns":24397,"calls":1024},"lossy_alpha":{"ns":221,"calls":2},"lossy_write":{"ns":538978,"calls":1},"lossy_iter_import":{"ns":148924,"calls":1024},"lossy_side_info":{"ns":34105,"calls":1024},"lossy_emit_tokens":{"ns":1696843,"calls":1},"lossy_post_loop":{"ns":2114,"calls":1}}}
{"schema":"libwebp-encoder-stage-v1","record_type":"encode","run_id":"","case_id":"","backend":"","pid":803555,"encode_index":6,"sample_role":"cold","method":4,"quality":75.000,"lossless":false,"exact":true,"thread_level":0,"width":1600,"height":1200,"pixels":1920000,"ok":true,"error_code":0,"output_bytes":0,"metal_cross_color":false,"metal_hash":false,"total_ns":30949766,"stages":{"lossy_import":{"ns":2911665,"calls":1},"lossy_encoder_init":{"ns":9728,"calls":1},"lossy_analyze":{"ns":118932,"calls":1},"lossy_encode_loop":{"ns":27559897,"calls":1},"lossy_decimate":{"ns":23945417,"calls":7501},"lossy_record_tokens":{"ns":188182,"calls":7500},"lossy_alpha":{"ns":200,"calls":2},"lossy_write":{"ns":347219,"calls":1},"lossy_iter_import":{"ns":1593045,"calls":7500},"lossy_side_info":{"ns":248494,"calls":7500},"lossy_emit_tokens":{"ns":585515,"calls":1},"lossy_post_loop":{"ns":1954,"calls":1}}}
{"schema":"libwebp-encoder-stage-v1","record_type":"encode","run_id":"","case_id":"","backend":"","pid":803555,"encode_index":7,"sample_role":"cold","method":4,"quality":75.000,"lossless":false,"exact":true,"thread_level":0,"width":512,"height":512,"pixels":262144,"ok":true,"error_code":0,"output_bytes":0,"metal_cross_color":false,"metal_hash":false,"total_ns":11202272,"stages":{"lossy_import":{"ns":407623,"calls":1},"lossy_encoder_init":{"ns":2645,"calls":1},"lossy_analyze":{"ns":14838,"calls":1},"lossy_encode_loop":{"ns":10673963,"calls":1},"lossy_decimate":{"ns":9827035,"calls":1025},"lossy_record_tokens":{"ns":25038,"calls":1024},"lossy_alpha":{"ns":90,"calls":2},"lossy_write":{"ns":101339,"calls":1},"lossy_iter_import":{"ns":135800,"calls":1024},"lossy_side_info":{"ns":29455,"calls":1024},"lossy_emit_tokens":{"ns":406991,"calls":1},"lossy_post_loop":{"ns":1383,"calls":1}}}
{"schema":"libwebp-encoder-stage-v1","record_type":"encode","run_id":"","case_id":"","backend":"","pid":803555,"encode_index":8,"sample_role":"cold","method":4,"quality":75.000,"lossless":false,"exact":true,"thread_level":0,"width":1600,"height":1200,"pixels":1920000,"ok":true,"error_code":0,"output_bytes":0,"metal_cross_color":false,"metal_hash":false,"total_ns":34945039,"stages":{"lossy_import":{"ns":2591477,"calls":1},"lossy_encoder_init":{"ns":6302,"calls":1},"lossy_analyze":{"ns":85760,"calls":1},"lossy_encode_loop":{"ns":29809374,"calls":1},"lossy_decimate":{"ns":25175990,"calls":7501},"lossy_record_tokens":{"ns":177652,"calls":7500},"lossy_alpha":{"ns":190,"calls":2},"lossy_write":{"ns":2449842,"calls":1},"lossy_iter_import":{"ns":898783,"calls":7500},"lossy_side_info":{"ns":206368,"calls":7500},"lossy_emit_tokens":{"ns":1879976,"calls":1},"lossy_post_loop":{"ns":1763,"calls":1}}}
{"schema":"libwebp-encoder-stage-v1","record_type":"encode","run_id":"","case_id":"","backend":"","pid":803555,"encode_index":9,"sample_role":"cold","method":4,"quality":75.000,"lossless":false,"exact":true,"thread_level":0,"width":512,"height":512,"pixels":262144,"ok":true,"error_code":0,"output_bytes":0,"metal_cross_color":false,"metal_hash":false,"total_ns":11657503,"stages":{"lossy_import":{"ns":435414,"calls":1},"lossy_encoder_init":{"ns":3046,"calls":1},"lossy_analyze":{"ns":14297,"calls":1},"lossy_encode_loop":{"ns":10893143,"calls":1},"lossy_decimate":{"ns":9898233,"calls":1025},"lossy_record_tokens":{"ns":24122,"calls":1024},"lossy_alpha":{"ns":100,"calls":2},"lossy_write":{"ns":310060,"calls":1},"lossy_iter_import":{"ns":106744,"calls":1024},"lossy_side_info":{"ns":28079,"calls":1024},"lossy_emit_tokens":{"ns":539589,"calls":1},"lossy_post_loop":{"ns":1102,"calls":1}}}
{"schema":"libwebp-encoder-stage-v1","record_type":"encode","run_id":"","case_id":"","backend":"","pid":803555,"encode_index":10,"sample_role":"cold","method":4,"quality":75.000,"lossless":false,"exact":true,"thread_level":0,"width":1600,"height":1200,"pixels":1920000,"ok":true,"error_code":0,"output_bytes":0,"metal_cross_color":false,"metal_hash":false,"total_ns":85841922,"stages":{"lossy_import":{"ns":2434573,"calls":1},"lossy_encoder_init":{"ns":4999,"calls":1},"lossy_analyze":{"ns":80901,"calls":1},"lossy_encode_loop":{"ns":73235584,"calls":1},"lossy_decimate":{"ns":50926447,"calls":7501},"lossy_record_tokens":{"ns":197597,"calls":7500},"lossy_alpha":{"ns":531,"calls":2},"lossy_write":{"ns":10082167,"calls":1},"lossy_iter_import":{"ns":742999,"calls":7500},"lossy_side_info":{"ns":227340,"calls":7500},"lossy_emit_tokens":{"ns":17446331,"calls":1},"lossy_post_loop":{"ns":2915,"calls":1}}}
{"schema":"libwebp-encoder-stage-v1","record_type":"encode","run_id":"","case_id":"","backend":"","pid":803555,"encode_index":11,"sample_role":"cold","method":4,"quality":75.000,"lossless":false,"exact":true,"thread_level":0,"width":512,"height":512,"pixels":262144,"ok":true,"error_code":0,"output_bytes":0,"metal_cross_color":false,"metal_hash":false,"total_ns":13958908,"stages":{"lossy_import":{"ns":469579,"calls":1},"lossy_encoder_init":{"ns":3807,"calls":1},"lossy_analyze":{"ns":25398,"calls":1},"lossy_encode_loop":{"ns":12944640,"calls":1},"lossy_decimate":{"ns":9596507,"calls":1025},"lossy_record_tokens":{"ns":23441,"calls":1024},"lossy_alpha":{"ns":120,"calls":2},"lossy_write":{"ns":513801,"calls":1},"lossy_iter_import":{"ns":80137,"calls":1024},"lossy_side_info":{"ns":27963,"calls":1024},"lossy_emit_tokens":{"ns":2475249,"calls":1},"lossy_post_loop":{"ns":1563,"calls":1}}}
{"schema":"libwebp-encoder-stage-v1","record_type":"encode","run_id":"","case_id":"","backend":"","pid":803555,"encode_index":12,"sample_role":"cold","method":4,"quality":75.000,"lossless":false,"exact":true,"thread_level":0,"width":1600,"height":1200,"pixels":1920000,"ok":true,"error_code":0,"output_bytes":0,"metal_cross_color":false,"metal_hash":false,"total_ns":29562402,"stages":{"lossy_import":{"ns":2356708,"calls":1},"lossy_encoder_init":{"ns":4840,"calls":1},"lossy_analyze":{"ns":80470,"calls":1},"lossy_encode_loop":{"ns":26793733,"calls":1},"lossy_decimate":{"ns":23481950,"calls":7501},"lossy_record_tokens":{"ns":176351,"calls":7500},"lossy_alpha":{"ns":191,"calls":2},"lossy_write":{"ns":324677,"calls":1},"lossy_iter_import":{"ns":1110167,"calls":7500},"lossy_side_info":{"ns":200767,"calls":7500},"lossy_emit_tokens":{"ns":594391,"calls":1},"lossy_post_loop":{"ns":1633,"calls":1}}}
{"schema":"libwebp-encoder-stage-v1","record_type":"encode","run_id":"","case_id":"","backend":"","pid":803555,"encode_index":13,"sample_role":"cold","method":4,"quality":75.000,"lossless":false,"exact":true,"thread_level":0,"width":512,"height":512,"pixels":262144,"ok":true,"error_code":0,"output_bytes":0,"metal_cross_color":false,"metal_hash":false,"total_ns":10826520,"stages":{"lossy_import":{"ns":405368,"calls":1},"lossy_encoder_init":{"ns":3496,"calls":1},"lossy_analyze":{"ns":14908,"calls":1},"lossy_encode_loop":{"ns":10307910,"calls":1},"lossy_decimate":{"ns":9476010,"calls":1025},"lossy_record_tokens":{"ns":29427,"calls":1024},"lossy_alpha":{"ns":90,"calls":2},"lossy_write":{"ns":93375,"calls":1},"lossy_iter_import":{"ns":130527,"calls":1024},"lossy_side_info":{"ns":27664,"calls":1024},"lossy_emit_tokens":{"ns":407462,"calls":1},"lossy_post_loop":{"ns":1333,"calls":1}}}
{"schema":"libwebp-encoder-stage-v1","record_type":"encode","run_id":"","case_id":"","backend":"","pid":803555,"encode_index":14,"sample_role":"cold","method":4,"quality":75.000,"lossless":false,"exact":true,"thread_level":0,"width":1600,"height":1200,"pixels":1920000,"ok":true,"error_code":0,"output_bytes":0,"metal_cross_color":false,"metal_hash":false,"total_ns":35509645,"stages":{"lossy_import":{"ns":2316673,"calls":1},"lossy_encoder_init":{"ns":4629,"calls":1},"lossy_analyze":{"ns":91631,"calls":1},"lossy_encode_loop":{"ns":30641830,"calls":1},"lossy_decimate":{"ns":25111849,"calls":7501},"lossy_record_tokens":{"ns":179665,"calls":7500},"lossy_alpha":{"ns":111,"calls":2},"lossy_write":{"ns":2453148,"calls":1},"lossy_iter_import":{"ns":806526,"calls":7500},"lossy_side_info":{"ns":202317,"calls":7500},"lossy_emit_tokens":{"ns":2510846,"calls":1},"lossy_post_loop":{"ns":1623,"calls":1}}}
{"schema":"libwebp-encoder-stage-v1","record_type":"encode","run_id":"","case_id":"","backend":"","pid":803555,"encode_index":15,"sample_role":"cold","method":4,"quality":75.000,"lossless":false,"exact":true,"thread_level":0,"width":512,"height":512,"pixels":262144,"ok":true,"error_code":0,"output_bytes":0,"metal_cross_color":false,"metal_hash":false,"total_ns":11484820,"stages":{"lossy_import":{"ns":426708,"calls":1},"lossy_encoder_init":{"ns":2495,"calls":1},"lossy_analyze":{"ns":14407,"calls":1},"lossy_encode_loop":{"ns":10738334,"calls":1},"lossy_decimate":{"ns":9569817,"calls":1025},"lossy_record_tokens":{"ns":23832,"calls":1024},"lossy_alpha":{"ns":90,"calls":2},"lossy_write":{"ns":301414,"calls":1},"lossy_iter_import":{"ns":100496,"calls":1024},"lossy_side_info":{"ns":28151,"calls":1024},"lossy_emit_tokens":{"ns":673831,"calls":1},"lossy_post_loop":{"ns":1112,"calls":1}}}
{"schema":"libwebp-encoder-stage-v1","record_type":"encode","run_id":"","case_id":"","backend":"","pid":803555,"encode_index":16,"sample_role":"cold","method":4,"quality":75.000,"lossless":false,"exact":true,"thread_level":0,"width":1600,"height":1200,"pixels":1920000,"ok":true,"error_code":0,"output_bytes":0,"metal_cross_color":false,"metal_hash":false,"total_ns":84802878,"stages":{"lossy_import":{"ns":2408344,"calls":1},"lossy_encoder_init":{"ns":5040,"calls":1},"lossy_analyze":{"ns":90379,"calls":1},"lossy_encode_loop":{"ns":72154402,"calls":1},"lossy_decimate":{"ns":50309163,"calls":7501},"lossy_record_tokens":{"ns":210307,"calls":7500},"lossy_alpha":{"ns":220,"calls":2},"lossy_write":{"ns":10141398,"calls":1},"lossy_iter_import":{"ns":802061,"calls":7500},"lossy_side_info":{"ns":244496,"calls":7500},"lossy_emit_tokens":{"ns":16917140,"calls":1},"lossy_post_loop":{"ns":2915,"calls":1}}}
{"schema":"libwebp-encoder-stage-v1","record_type":"encode","run_id":"","case_id":"","backend":"","pid":803555,"encode_index":17,"sample_role":"cold","method":4,"quality":75.000,"lossless":false,"exact":true,"thread_level":0,"width":512,"height":512,"pixels":262144,"ok":true,"error_code":0,"output_bytes":0,"metal_cross_color":false,"metal_hash":false,"total_ns":14014632,"stages":{"lossy_import":{"ns":425616,"calls":1},"lossy_encoder_init":{"ns":2244,"calls":1},"lossy_analyze":{"ns":13596,"calls":1},"lossy_encode_loop":{"ns":13053464,"calls":1},"lossy_decimate":{"ns":9308334,"calls":1025},"lossy_record_tokens":{"ns":23297,"calls":1024},"lossy_alpha":{"ns":90,"calls":2},"lossy_write":{"ns":518189,"calls":1},"lossy_iter_import":{"ns":78327,"calls":1024},"lossy_side_info":{"ns":27771,"calls":1024},"lossy_emit_tokens":{"ns":2660455,"calls":1},"lossy_post_loop":{"ns":1743,"calls":1}}}
{"schema":"libwebp-encoder-stage-v1","record_type":"encode","run_id":"","case_id":"","backend":"","pid":803555,"encode_index":18,"sample_role":"cold","method":4,"quality":75.000,"lossless":false,"exact":true,"thread_level":0,"width":1600,"height":1200,"pixels":1920000,"ok":true,"error_code":0,"output_bytes":0,"metal_cross_color":false,"metal_hash":false,"total_ns":25641138,"stages":{"lossy_import":{"ns":2265367,"calls":1},"lossy_encoder_init":{"ns":4869,"calls":1},"lossy_analyze":{"ns":82925,"calls":1},"lossy_encode_loop":{"ns":22952639,"calls":1},"lossy_decimate":{"ns":19552677,"calls":7501},"lossy_record_tokens":{"ns":176678,"calls":7500},"lossy_alpha":{"ns":271,"calls":2},"lossy_write":{"ns":333383,"calls":1},"lossy_iter_import":{"ns":1094782,"calls":7500},"lossy_side_info":{"ns":202224,"calls":7500},"lossy_emit_tokens":{"ns":624388,"calls":1},"lossy_post_loop":{"ns":1573,"calls":1}}}
{"schema":"libwebp-encoder-stage-v1","record_type":"encode","run_id":"","case_id":"","backend":"","pid":803555,"encode_index":19,"sample_role":"cold","method":4,"quality":75.000,"lossless":false,"exact":true,"thread_level":0,"width":512,"height":512,"pixels":262144,"ok":true,"error_code":0,"output_bytes":0,"metal_cross_color":false,"metal_hash":false,"total_ns":9353654,"stages":{"lossy_import":{"ns":396161,"calls":1},"lossy_encoder_init":{"ns":3487,"calls":1},"lossy_analyze":{"ns":14787,"calls":1},"lossy_encode_loop":{"ns":8847047,"calls":1},"lossy_decimate":{"ns":8064838,"calls":1025},"lossy_record_tokens":{"ns":24148,"calls":1024},"lossy_alpha":{"ns":100,"calls":2},"lossy_write":{"ns":90670,"calls":1},"lossy_iter_import":{"ns":127504,"calls":1024},"lossy_side_info":{"ns":27985,"calls":1024},"lossy_emit_tokens":{"ns":381183,"calls":1},"lossy_post_loop":{"ns":1213,"calls":1}}}
{"schema":"libwebp-encoder-stage-v1","record_type":"encode","run_id":"","case_id":"","backend":"","pid":803555,"encode_index":20,"sample_role":"cold","method":4,"quality":75.000,"lossless":false,"exact":true,"thread_level":0,"width":1600,"height":1200,"pixels":1920000,"ok":true,"error_code":0,"output_bytes":0,"metal_cross_color":false,"metal_hash":false,"total_ns":31590454,"stages":{"lossy_import":{"ns":2217978,"calls":1},"lossy_encoder_init":{"ns":4909,"calls":1},"lossy_analyze":{"ns":87284,"calls":1},"lossy_encode_loop":{"ns":26838036,"calls":1},"lossy_decimate":{"ns":21281064,"calls":7501},"lossy_record_tokens":{"ns":182753,"calls":7500},"lossy_alpha":{"ns":160,"calls":2},"lossy_write":{"ns":2440424,"calls":1},"lossy_iter_import":{"ns":840904,"calls":7500},"lossy_side_info":{"ns":203153,"calls":7500},"lossy_emit_tokens":{"ns":2624750,"calls":1},"lossy_post_loop":{"ns":1573,"calls":1}}}
{"schema":"libwebp-encoder-stage-v1","record_type":"encode","run_id":"","case_id":"","backend":"","pid":803555,"encode_index":21,"sample_role":"cold","method":4,"quality":75.000,"lossless":false,"exact":true,"thread_level":0,"width":512,"height":512,"pixels":262144,"ok":true,"error_code":0,"output_bytes":0,"metal_cross_color":false,"metal_hash":false,"total_ns":9957263,"stages":{"lossy_import":{"ns":410517,"calls":1},"lossy_encoder_init":{"ns":3025,"calls":1},"lossy_analyze":{"ns":14798,"calls":1},"lossy_encode_loop":{"ns":9216638,"calls":1},"lossy_decimate":{"ns":8107613,"calls":1025},"lossy_record_tokens":{"ns":23393,"calls":1024},"lossy_alpha":{"ns":101,"calls":2},"lossy_write":{"ns":310831,"calls":1},"lossy_iter_import":{"ns":116655,"calls":1024},"lossy_side_info":{"ns":32991,"calls":1024},"lossy_emit_tokens":{"ns":597187,"calls":1},"lossy_post_loop":{"ns":1382,"calls":1}}}
{"schema":"libwebp-encoder-stage-v1","record_type":"encode","run_id":"","case_id":"","backend":"","pid":803555,"encode_index":22,"sample_role":"cold","method":4,"quality":75.000,"lossless":false,"exact":true,"thread_level":0,"width":1600,"height":1200,"pixels":1920000,"ok":true,"error_code":0,"output_bytes":0,"metal_cross_color":false,"metal_hash":false,"total_ns":81728799,"stages":{"lossy_import":{"ns":2351799,"calls":1},"lossy_encoder_init":{"ns":4458,"calls":1},"lossy_analyze":{"ns":81533,"calls":1},"lossy_encode_loop":{"ns":69117492,"calls":1},"lossy_decimate":{"ns":48167237,"calls":7501},"lossy_record_tokens":{"ns":191909,"calls":7500},"lossy_alpha":{"ns":230,"calls":2},"lossy_write":{"ns":10170072,"calls":1},"lossy_iter_import":{"ns":773231,"calls":7500},"lossy_side_info":{"ns":219414,"calls":7500},"lossy_emit_tokens":{"ns":16172538,"calls":1},"lossy_post_loop":{"ns":2585,"calls":1}}}
{"schema":"libwebp-encoder-stage-v1","record_type":"encode","run_id":"","case_id":"","backend":"","pid":803555,"encode_index":23,"sample_role":"cold","method":4,"quality":75.000,"lossless":false,"exact":true,"thread_level":0,"width":512,"height":512,"pixels":262144,"ok":true,"error_code":0,"output_bytes":0,"metal_cross_color":false,"metal_hash":false,"total_ns":12688902,"stages":{"lossy_import":{"ns":409706,"calls":1},"lossy_encoder_init":{"ns":2375,"calls":1},"lossy_analyze":{"ns":13675,"calls":1},"lossy_encode_loop":{"ns":11739417,"calls":1},"lossy_decimate":{"ns":8503644,"calls":1025},"lossy_record_tokens":{"ns":23118,"calls":1024},"lossy_alpha":{"ns":90,"calls":2},"lossy_write":{"ns":522157,"calls":1},"lossy_iter_import":{"ns":78922,"calls":1024},"lossy_side_info":{"ns":32696,"calls":1024},"lossy_emit_tokens":{"ns":2132218,"calls":1},"lossy_post_loop":{"ns":1533,"calls":1}}}
{"schema":"libwebp-encoder-stage-v1","record_type":"encode","run_id":"","case_id":"","backend":"","pid":803555,"encode_index":24,"sample_role":"cold","method":4,"quality":75.000,"lossless":false,"exact":true,"thread_level":0,"width":1600,"height":1200,"pixels":1920000,"ok":true,"error_code":0,"output_bytes":0,"metal_cross_color":false,"metal_hash":false,"total_ns":25613054,"stages":{"lossy_import":{"ns":2240420,"calls":1},"lossy_encoder_init":{"ns":5019,"calls":1},"lossy_analyze":{"ns":82424,"calls":1},"lossy_encode_loop":{"ns":22957348,"calls":1},"lossy_decimate":{"ns":19567474,"calls":7501},"lossy_record_tokens":{"ns":177223,"calls":7500},"lossy_alpha":{"ns":110,"calls":2},"lossy_write":{"ns":325699,"calls":1},"lossy_iter_import":{"ns":1089520,"calls":7500},"lossy_side_info":{"ns":205755,"calls":7500},"lossy_emit_tokens":{"ns":652350,"calls":1},"lossy_post_loop":{"ns":1794,"calls":1}}}
{"schema":"libwebp-encoder-stage-v1","record_type":"encode","run_id":"","case_id":"","backend":"","pid":803555,"encode_index":25,"sample_role":"cold","method":4,"quality":75.000,"lossless":false,"exact":true,"thread_level":0,"width":512,"height":512,"pixels":262144,"ok":true,"error_code":0,"output_bytes":0,"metal_cross_color":false,"metal_hash":false,"total_ns":9388219,"stages":{"lossy_import":{"ns":396111,"calls":1},"lossy_encoder_init":{"ns":3296,"calls":1},"lossy_analyze":{"ns":14417,"calls":1},"lossy_encode_loop":{"ns":8882223,"calls":1},"lossy_decimate":{"ns":8058030,"calls":1025},"lossy_record_tokens":{"ns":24425,"calls":1024},"lossy_alpha":{"ns":100,"calls":2},"lossy_write":{"ns":90800,"calls":1},"lossy_iter_import":{"ns":131825,"calls":1024},"lossy_side_info":{"ns":27909,"calls":1024},"lossy_emit_tokens":{"ns":409876,"calls":1},"lossy_post_loop":{"ns":1342,"calls":1}}}
{"schema":"libwebp-encoder-stage-v1","record_type":"encode","run_id":"","case_id":"","backend":"","pid":803555,"encode_index":26,"sample_role":"cold","method":4,"quality":75.000,"lossless":false,"exact":true,"thread_level":0,"width":1600,"height":1200,"pixels":1920000,"ok":true,"error_code":0,"output_bytes":0,"metal_cross_color":false,"metal_hash":false,"total_ns":31682276,"stages":{"lossy_import":{"ns":2217367,"calls":1},"lossy_encoder_init":{"ns":5029,"calls":1},"lossy_analyze":{"ns":80801,"calls":1},"lossy_encode_loop":{"ns":26918125,"calls":1},"lossy_decimate":{"ns":21012147,"calls":7501},"lossy_record_tokens":{"ns":176571,"calls":7500},"lossy_alpha":{"ns":201,"calls":2},"lossy_write":{"ns":2458819,"calls":1},"lossy_iter_import":{"ns":884551,"calls":7500},"lossy_side_info":{"ns":200998,"calls":7500},"lossy_emit_tokens":{"ns":2854829,"calls":1},"lossy_post_loop":{"ns":1743,"calls":1}}}
{"schema":"libwebp-encoder-stage-v1","record_type":"encode","run_id":"","case_id":"","backend":"","pid":803555,"encode_index":27,"sample_role":"cold","method":4,"quality":75.000,"lossless":false,"exact":true,"thread_level":0,"width":512,"height":512,"pixels":262144,"ok":true,"error_code":0,"output_bytes":0,"metal_cross_color":false,"metal_hash":false,"total_ns":10100220,"stages":{"lossy_import":{"ns":411069,"calls":1},"lossy_encoder_init":{"ns":2585,"calls":1},"lossy_analyze":{"ns":13886,"calls":1},"lossy_encode_loop":{"ns":9367270,"calls":1},"lossy_decimate":{"ns":8117966,"calls":1025},"lossy_record_tokens":{"ns":24140,"calls":1024},"lossy_alpha":{"ns":90,"calls":2},"lossy_write":{"ns":303988,"calls":1},"lossy_iter_import":{"ns":100188,"calls":1024},"lossy_side_info":{"ns":27671,"calls":1024},"lossy_emit_tokens":{"ns":719956,"calls":1},"lossy_post_loop":{"ns":1223,"calls":1}}}
{"schema":"libwebp-encoder-stage-v1","record_type":"encode","run_id":"","case_id":"","backend":"","pid":803555,"encode_index":28,"sample_role":"cold","method":4,"quality":75.000,"lossless":false,"exact":true,"thread_level":0,"width":1600,"height":1200,"pixels":1920000,"ok":true,"error_code":0,"output_bytes":0,"metal_cross_color":false,"metal_hash":false,"total_ns":82113829,"stages":{"lossy_import":{"ns":2332092,"calls":1},"lossy_encoder_init":{"ns":5110,"calls":1},"lossy_analyze":{"ns":80640,"calls":1},"lossy_encode_loop":{"ns":69457297,"calls":1},"lossy_decimate":{"ns":47728632,"calls":7501},"lossy_record_tokens":{"ns":204759,"calls":7500},"lossy_alpha":{"ns":221,"calls":2},"lossy_write":{"ns":10235744,"calls":1},"lossy_iter_import":{"ns":780320,"calls":7500},"lossy_side_info":{"ns":249648,"calls":7500},"lossy_emit_tokens":{"ns":16972044,"calls":1},"lossy_post_loop":{"ns":2836,"calls":1}}}
{"schema":"libwebp-encoder-stage-v1","record_type":"encode","run_id":"","case_id":"","backend":"","pid":803555,"encode_index":29,"sample_role":"cold","method":4,"quality":75.000,"lossless":false,"exact":true,"thread_level":0,"width":512,"height":512,"pixels":262144,"ok":true,"error_code":0,"output_bytes":0,"metal_cross_color":false,"metal_hash":false,"total_ns":12351501,"stages":{"lossy_import":{"ns":422591,"calls":1},"lossy_encoder_init":{"ns":2254,"calls":1},"lossy_analyze":{"ns":14938,"calls":1},"lossy_encode_loop":{"ns":11373753,"calls":1},"lossy_decimate":{"ns":7851449,"calls":1025},"lossy_record_tokens":{"ns":23488,"calls":1024},"lossy_alpha":{"ns":100,"calls":2},"lossy_write":{"ns":536453,"calls":1},"lossy_iter_import":{"ns":82555,"calls":1024},"lossy_side_info":{"ns":28215,"calls":1024},"lossy_emit_tokens":{"ns":2675053,"calls":1},"lossy_post_loop":{"ns":1834,"calls":1}}}
{"schema":"libwebp-encoder-stage-v1","record_type":"encode","run_id":"","case_id":"","backend":"","pid":803555,"encode_index":30,"sample_role":"cold","method":4,"quality":75.000,"lossless":false,"exact":true,"thread_level":0,"width":1600,"height":1200,"pixels":1920000,"ok":true,"error_code":0,"output_bytes":0,"metal_cross_color":false,"metal_hash":false,"total_ns":25580413,"stages":{"lossy_import":{"ns":2281196,"calls":1},"lossy_encoder_init":{"ns":5851,"calls":1},"lossy_analyze":{"ns":90038,"calls":1},"lossy_encode_loop":{"ns":22856820,"calls":1},"lossy_decimate":{"ns":19621660,"calls":7501},"lossy_record_tokens":{"ns":180999,"calls":7500},"lossy_alpha":{"ns":200,"calls":2},"lossy_write":{"ns":344444,"calls":1},"lossy_iter_import":{"ns":1094167,"calls":7500},"lossy_side_info":{"ns":200326,"calls":7500},"lossy_emit_tokens":{"ns":527617,"calls":1},"lossy_post_loop":{"ns":1753,"calls":1}}}
{"schema":"libwebp-encoder-stage-v1","record_type":"encode","run_id":"","case_id":"","backend":"","pid":803555,"encode_index":31,"sample_role":"cold","method":4,"quality":75.000,"lossless":false,"exact":true,"thread_level":0,"width":512,"height":512,"pixels":262144,"ok":true,"error_code":0,"output_bytes":0,"metal_cross_color":false,"metal_hash":false,"total_ns":9364895,"stages":{"lossy_import":{"ns":396812,"calls":1},"lossy_encoder_init":{"ns":3607,"calls":1},"lossy_analyze":{"ns":14307,"calls":1},"lossy_encode_loop":{"ns":8858568,"calls":1},"lossy_decimate":{"ns":8065840,"calls":1025},"lossy_record_tokens":{"ns":24434,"calls":1024},"lossy_alpha":{"ns":100,"calls":2},"lossy_write":{"ns":90208,"calls":1},"lossy_iter_import":{"ns":123200,"calls":1024},"lossy_side_info":{"ns":28407,"calls":1024},"lossy_emit_tokens":{"ns":392304,"calls":1},"lossy_post_loop":{"ns":1172,"calls":1}}}
{"schema":"libwebp-encoder-stage-v1","record_type":"encode","run_id":"","case_id":"","backend":"","pid":803555,"encode_index":32,"sample_role":"cold","method":4,"quality":75.000,"lossless":false,"exact":true,"thread_level":0,"width":1600,"height":1200,"pixels":1920000,"ok":true,"error_code":0,"output_bytes":0,"metal_cross_color":false,"metal_hash":false,"total_ns":30809734,"stages":{"lossy_import":{"ns":2227085,"calls":1},"lossy_encoder_init":{"ns":4579,"calls":1},"lossy_analyze":{"ns":81012,"calls":1},"lossy_encode_loop":{"ns":26042678,"calls":1},"lossy_decimate":{"ns":20393095,"calls":7501},"lossy_record_tokens":{"ns":188580,"calls":7500},"lossy_alpha":{"ns":290,"calls":2},"lossy_write":{"ns":2452417,"calls":1},"lossy_iter_import":{"ns":1012967,"calls":7500},"lossy_side_info":{"ns":203506,"calls":7500},"lossy_emit_tokens":{"ns":2713355,"calls":1},"lossy_post_loop":{"ns":1733,"calls":1}}}
{"schema":"libwebp-encoder-stage-v1","record_type":"encode","run_id":"","case_id":"","backend":"","pid":803555,"encode_index":33,"sample_role":"cold","method":4,"quality":75.000,"lossless":false,"exact":true,"thread_level":0,"width":512,"height":512,"pixels":262144,"ok":true,"error_code":0,"output_bytes":0,"metal_cross_color":false,"metal_hash":false,"total_ns":10033016,"stages":{"lossy_import":{"ns":409776,"calls":1},"lossy_encoder_init":{"ns":3226,"calls":1},"lossy_analyze":{"ns":13666,"calls":1},"lossy_encode_loop":{"ns":9299383,"calls":1},"lossy_decimate":{"ns":8147879,"calls":1025},"lossy_record_tokens":{"ns":28005,"calls":1024},"lossy_alpha":{"ns":100,"calls":2},"lossy_write":{"ns":305501,"calls":1},"lossy_iter_import":{"ns":106618,"calls":1024},"lossy_side_info":{"ns":28878,"calls":1024},"lossy_emit_tokens":{"ns":649004,"calls":1},"lossy_post_loop":{"ns":1213,"calls":1}}}
{"schema":"libwebp-encoder-stage-v1","record_type":"encode","run_id":"","case_id":"","backend":"","pid":803555,"encode_index":34,"sample_role":"cold","method":4,"quality":75.000,"lossless":false,"exact":true,"thread_level":0,"width":1600,"height":1200,"pixels":1920000,"ok":true,"error_code":0,"output_bytes":0,"metal_cross_color":false,"metal_hash":false,"total_ns":80731563,"stages":{"lossy_import":{"ns":2343733,"calls":1},"lossy_encoder_init":{"ns":5059,"calls":1},"lossy_analyze":{"ns":81483,"calls":1},"lossy_encode_loop":{"ns":68152677,"calls":1},"lossy_decimate":{"ns":45765292,"calls":7501},"lossy_record_tokens":{"ns":197797,"calls":7500},"lossy_alpha":{"ns":210,"calls":2},"lossy_write":{"ns":10145244,"calls":1},"lossy_iter_import":{"ns":737559,"calls":7500},"lossy_side_info":{"ns":227427,"calls":7500},"lossy_emit_tokens":{"ns":17699554,"calls":1},"lossy_post_loop":{"ns":2695,"calls":1}}}
{"schema":"libwebp-encoder-stage-v1","record_type":"encode","run_id":"","case_id":"","backend":"","pid":803555,"encode_index":35,"sample_role":"cold","method":4,"quality":75.000,"lossless":false,"exact":true,"thread_level":0,"width":512,"height":512,"pixels":262144,"ok":true,"error_code":0,"output_bytes":0,"metal_cross_color":false,"metal_hash":false,"total_ns":14125469,"stages":{"lossy_import":{"ns":441656,"calls":1},"lossy_encoder_init":{"ns":2735,"calls":1},"lossy_analyze":{"ns":23313,"calls":1},"lossy_encode_loop":{"ns":12773691,"calls":1},"lossy_decimate":{"ns":8823711,"calls":1025},"lossy_record_tokens":{"ns":26971,"calls":1024},"lossy_alpha":{"ns":161,"calls":2},"lossy_write":{"ns":881589,"calls":1},"lossy_iter_import":{"ns":89984,"calls":1024},"lossy_side_info":{"ns":32617,"calls":1024},"lossy_emit_tokens":{"ns":2897499,"calls":1},"lossy_post_loop":{"ns":2335,"calls":1}}}
{"schema":"libwebp-encoder-stage-v1","record_type":"encode","run_id":"","case_id":"","backend":"","pid":803555,"encode_index":36,"sample_role":"cold","method":4,"quality":75.000,"lossless":false,"exact":true,"thread_level":0,"width":1600,"height":1200,"pixels":1920000,"ok":true,"error_code":0,"output_bytes":0,"metal_cross_color":false,"metal_hash":false,"total_ns":25824501,"stages":{"lossy_import":{"ns":2340608,"calls":1},"lossy_encoder_init":{"ns":5491,"calls":1},"lossy_analyze":{"ns":132888,"calls":1},"lossy_encode_loop":{"ns":23020646,"calls":1},"lossy_decimate":{"ns":19464129,"calls":7501},"lossy_record_tokens":{"ns":199086,"calls":7500},"lossy_alpha":{"ns":200,"calls":2},"lossy_write":{"ns":322794,"calls":1},"lossy_iter_import":{"ns":1123909,"calls":7500},"lossy_side_info":{"ns":237003,"calls":7500},"lossy_emit_tokens":{"ns":663902,"calls":1},"lossy_post_loop":{"ns":1713,"calls":1}}}
{"schema":"libwebp-encoder-stage-v1","record_type":"encode","run_id":"","case_id":"","backend":"","pid":803555,"encode_index":37,"sample_role":"cold","method":4,"quality":75.000,"lossless":false,"exact":true,"thread_level":0,"width":512,"height":512,"pixels":262144,"ok":true,"error_code":0,"output_bytes":0,"metal_cross_color":false,"metal_hash":false,"total_ns":9467316,"stages":{"lossy_import":{"ns":399477,"calls":1},"lossy_encoder_init":{"ns":3256,"calls":1},"lossy_analyze":{"ns":14497,"calls":1},"lossy_encode_loop":{"ns":8957574,"calls":1},"lossy_decimate":{"ns":8057272,"calls":1025},"lossy_record_tokens":{"ns":23731,"calls":1024},"lossy_alpha":{"ns":90,"calls":2},"lossy_write":{"ns":91050,"calls":1},"lossy_iter_import":{"ns":127393,"calls":1024},"lossy_side_info":{"ns":28327,"calls":1024},"lossy_emit_tokens":{"ns":500596,"calls":1},"lossy_post_loop":{"ns":1282,"calls":1}}}
{"schema":"libwebp-encoder-stage-v1","record_type":"encode","run_id":"","case_id":"","backend":"","pid":803555,"encode_index":38,"sample_role":"cold","method":4,"quality":75.000,"lossless":false,"exact":true,"thread_level":0,"width":1600,"height":1200,"pixels":1920000,"ok":true,"error_code":0,"output_bytes":0,"metal_cross_color":false,"metal_hash":false,"total_ns":32281347,"stages":{"lossy_import":{"ns":2254267,"calls":1},"lossy_encoder_init":{"ns":5420,"calls":1},"lossy_analyze":{"ns":80050,"calls":1},"lossy_encode_loop":{"ns":27505494,"calls":1},"lossy_decimate":{"ns":21559020,"calls":7501},"lossy_record_tokens":{"ns":176247,"calls":7500},"lossy_alpha":{"ns":230,"calls":2},"lossy_write":{"ns":2433842,"calls":1},"lossy_iter_import":{"ns":833736,"calls":7500},"lossy_side_info":{"ns":200018,"calls":7500},"lossy_emit_tokens":{"ns":2825635,"calls":1},"lossy_post_loop":{"ns":1713,"calls":1}}}
{"schema":"libwebp-encoder-stage-v1","record_type":"encode","run_id":"","case_id":"","backend":"","pid":803555,"encode_index":39,"sample_role":"cold","method":4,"quality":75.000,"lossless":false,"exact":true,"thread_level":0,"width":512,"height":512,"pixels":262144,"ok":true,"error_code":0,"output_bytes":0,"metal_cross_color":false,"metal_hash":false,"total_ns":9973974,"stages":{"lossy_import":{"ns":408704,"calls":1},"lossy_encoder_init":{"ns":2816,"calls":1},"lossy_analyze":{"ns":14417,"calls":1},"lossy_encode_loop":{"ns":9226506,"calls":1},"lossy_decimate":{"ns":8116128,"calls":1025},"lossy_record_tokens":{"ns":23788,"calls":1024},"lossy_alpha":{"ns":90,"calls":2},"lossy_write":{"ns":320058,"calls":1},"lossy_iter_import":{"ns":118253,"calls":1024},"lossy_side_info":{"ns":28004,"calls":1024},"lossy_emit_tokens":{"ns":640147,"calls":1},"lossy_post_loop":{"ns":1092,"calls":1}}}
{"schema":"libwebp-encoder-stage-v1","record_type":"encode","run_id":"","case_id":"","backend":"","pid":803555,"encode_index":40,"sample_role":"cold","method":4,"quality":75.000,"lossless":false,"exact":true,"thread_level":0,"width":1600,"height":1200,"pixels":1920000,"ok":true,"error_code":0,"output_bytes":0,"metal_cross_color":false,"metal_hash":false,"total_ns":85263600,"stages":{"lossy_import":{"ns":2360875,"calls":1},"lossy_encoder_init":{"ns":4869,"calls":1},"lossy_analyze":{"ns":80720,"calls":1},"lossy_encode_loop":{"ns":72717875,"calls":1},"lossy_decimate":{"ns":48685104,"calls":7501},"lossy_record_tokens":{"ns":182502,"calls":7500},"lossy_alpha":{"ns":611,"calls":2},"lossy_write":{"ns":10095101,"calls":1},"lossy_iter_import":{"ns":746519,"calls":7500},"lossy_side_info":{"ns":211644,"calls":7500},"lossy_emit_tokens":{"ns":19335113,"calls":1},"lossy_post_loop":{"ns":2886,"calls":1}}}
{"schema":"libwebp-encoder-stage-v1","record_type":"encode","run_id":"","case_id":"","backend":"","pid":803555,"encode_index":41,"sample_role":"cold","method":4,"quality":75.000,"lossless":false,"exact":true,"thread_level":0,"width":512,"height":512,"pixels":262144,"ok":true,"error_code":0,"output_bytes":0,"metal_cross_color":false,"metal_hash":false,"total_ns":12865943,"stages":{"lossy_import":{"ns":421649,"calls":1},"lossy_encoder_init":{"ns":2976,"calls":1},"lossy_analyze":{"ns":22361,"calls":1},"lossy_encode_loop":{"ns":11527680,"calls":1},"lossy_decimate":{"ns":7760373,"calls":1025},"lossy_record_tokens":{"ns":30101,"calls":1024},"lossy_alpha":{"ns":151,"calls":2},"lossy_write":{"ns":888732,"calls":1},"lossy_iter_import":{"ns":102603,"calls":1024},"lossy_side_info":{"ns":36047,"calls":1024},"lossy_emit_tokens":{"ns":2817970,"calls":1},"lossy_post_loop":{"ns":1964,"calls":1}}}
{"schema":"libwebp-encoder-stage-v1","record_type":"encode","run_id":"","case_id":"","backend":"","pid":803555,"encode_index":42,"sample_role":"cold","method":4,"quality":75.000,"lossless":false,"exact":true,"thread_level":0,"width":1600,"height":1200,"pixels":1920000,"ok":true,"error_code":0,"output_bytes":0,"metal_cross_color":false,"metal_hash":false,"total_ns":25798952,"stages":{"lossy_import":{"ns":2339526,"calls":1},"lossy_encoder_init":{"ns":5210,"calls":1},"lossy_analyze":{"ns":133780,"calls":1},"lossy_encode_loop":{"ns":22993576,"calls":1},"lossy_decimate":{"ns":19314920,"calls":7501},"lossy_record_tokens":{"ns":214647,"calls":7500},"lossy_alpha":{"ns":230,"calls":2},"lossy_write":{"ns":324818,"calls":1},"lossy_iter_import":{"ns":1186196,"calls":7500},"lossy_side_info":{"ns":251432,"calls":7500},"lossy_emit_tokens":{"ns":621372,"calls":1},"lossy_post_loop":{"ns":1733,"calls":1}}}
{"schema":"libwebp-encoder-stage-v1","record_type":"encode","run_id":"","case_id":"","backend":"","pid":803555,"encode_index":43,"sample_role":"cold","method":4,"quality":75.000,"lossless":false,"exact":true,"thread_level":0,"width":512,"height":512,"pixels":262144,"ok":true,"error_code":0,"output_bytes":0,"metal_cross_color":false,"metal_hash":false,"total_ns":9391475,"stages":{"lossy_import":{"ns":387955,"calls":1},"lossy_encoder_init":{"ns":3326,"calls":1},"lossy_analyze":{"ns":14497,"calls":1},"lossy_encode_loop":{"ns":8893323,"calls":1},"lossy_decimate":{"ns":8057651,"calls":1025},"lossy_record_tokens":{"ns":23535,"calls":1024},"lossy_alpha":{"ns":80,"calls":2},"lossy_write":{"ns":90981,"calls":1},"lossy_iter_import":{"ns":129093,"calls":1024},"lossy_side_info":{"ns":28076,"calls":1024},"lossy_emit_tokens":{"ns":430355,"calls":1},"lossy_post_loop":{"ns":1082,"calls":1}}}
{"schema":"libwebp-encoder-stage-v1","record_type":"encode","run_id":"","case_id":"","backend":"","pid":803555,"encode_index":44,"sample_role":"cold","method":4,"quality":75.000,"lossless":false,"exact":true,"thread_level":0,"width":1600,"height":1200,"pixels":1920000,"ok":true,"error_code":0,"output_bytes":0,"metal_cross_color":false,"metal_hash":false,"total_ns":30647981,"stages":{"lossy_import":{"ns":2312715,"calls":1},"lossy_encoder_init":{"ns":5360,"calls":1},"lossy_analyze":{"ns":82564,"calls":1},"lossy_encode_loop":{"ns":25808310,"calls":1},"lossy_decimate":{"ns":20600427,"calls":7501},"lossy_record_tokens":{"ns":176875,"calls":7500},"lossy_alpha":{"ns":191,"calls":2},"lossy_write":{"ns":2437068,"calls":1},"lossy_iter_import":{"ns":851061,"calls":7500},"lossy_side_info":{"ns":202982,"calls":7500},"lossy_emit_tokens":{"ns":2518410,"calls":1},"lossy_post_loop":{"ns":1583,"calls":1}}}
{"schema":"libwebp-encoder-stage-v1","record_type":"encode","run_id":"","case_id":"","backend":"","pid":803555,"encode_index":45,"sample_role":"cold","method":4,"quality":75.000,"lossless":false,"exact":true,"thread_level":0,"width":512,"height":512,"pixels":262144,"ok":true,"error_code":0,"output_bytes":0,"metal_cross_color":false,"metal_hash":false,"total_ns":10110390,"stages":{"lossy_import":{"ns":434904,"calls":1},"lossy_encoder_init":{"ns":3516,"calls":1},"lossy_analyze":{"ns":14578,"calls":1},"lossy_encode_loop":{"ns":9347864,"calls":1},"lossy_decimate":{"ns":8145405,"calls":1025},"lossy_record_tokens":{"ns":23529,"calls":1024},"lossy_alpha":{"ns":100,"calls":2},"lossy_write":{"ns":308076,"calls":1},"lossy_iter_import":{"ns":125860,"calls":1024},"lossy_side_info":{"ns":29555,"calls":1024},"lossy_emit_tokens":{"ns":666998,"calls":1},"lossy_post_loop":{"ns":1353,"calls":1}}}
{"schema":"libwebp-encoder-stage-v1","record_type":"encode","run_id":"","case_id":"","backend":"","pid":803555,"encode_index":46,"sample_role":"cold","method":4,"quality":75.000,"lossless":false,"exact":true,"thread_level":0,"width":1600,"height":1200,"pixels":1920000,"ok":true,"error_code":0,"output_bytes":0,"metal_cross_color":false,"metal_hash":false,"total_ns":83540277,"stages":{"lossy_import":{"ns":2305332,"calls":1},"lossy_encoder_init":{"ns":5571,"calls":1},"lossy_analyze":{"ns":82754,"calls":1},"lossy_encode_loop":{"ns":70828702,"calls":1},"lossy_decimate":{"ns":47010672,"calls":7501},"lossy_record_tokens":{"ns":198296,"calls":7500},"lossy_alpha":{"ns":221,"calls":2},"lossy_write":{"ns":10314391,"calls":1},"lossy_iter_import":{"ns":738922,"calls":7500},"lossy_side_info":{"ns":230869,"calls":7500},"lossy_emit_tokens":{"ns":18954551,"calls":1},"lossy_post_loop":{"ns":3005,"calls":1}}}
{"schema":"libwebp-encoder-stage-v1","record_type":"encode","run_id":"","case_id":"","backend":"","pid":803555,"encode_index":47,"sample_role":"cold","method":4,"quality":75.000,"lossless":false,"exact":true,"thread_level":0,"width":512,"height":512,"pixels":262144,"ok":true,"error_code":0,"output_bytes":0,"metal_cross_color":false,"metal_hash":false,"total_ns":12415150,"stages":{"lossy_import":{"ns":443079,"calls":1},"lossy_encoder_init":{"ns":2865,"calls":1},"lossy_analyze":{"ns":22883,"calls":1},"lossy_encode_loop":{"ns":11424297,"calls":1},"lossy_decimate":{"ns":7790101,"calls":1025},"lossy_record_tokens":{"ns":26603,"calls":1024},"lossy_alpha":{"ns":110,"calls":2},"lossy_write":{"ns":520374,"calls":1},"lossy_iter_import":{"ns":90013,"calls":1024},"lossy_side_info":{"ns":31032,"calls":1024},"lossy_emit_tokens":{"ns":2714507,"calls":1},"lossy_post_loop":{"ns":1853,"calls":1}}}
{"schema":"libwebp-encoder-stage-v1","record_type":"encode","run_id":"","case_id":"","backend":"","pid":803555,"encode_index":48,"sample_role":"cold","method":4,"quality":75.000,"lossless":false,"exact":true,"thread_level":0,"width":1600,"height":1200,"pixels":1920000,"ok":true,"error_code":0,"output_bytes":0,"metal_cross_color":false,"metal_hash":false,"total_ns":25556759,"stages":{"lossy_import":{"ns":2274363,"calls":1},"lossy_encoder_init":{"ns":4769,"calls":1},"lossy_analyze":{"ns":80440,"calls":1},"lossy_encode_loop":{"ns":22856449,"calls":1},"lossy_decimate":{"ns":19603161,"calls":7501},"lossy_record_tokens":{"ns":175985,"calls":7500},"lossy_alpha":{"ns":211,"calls":2},"lossy_write":{"ns":338543,"calls":1},"lossy_iter_import":{"ns":1105045,"calls":7500},"lossy_side_info":{"ns":201857,"calls":7500},"lossy_emit_tokens":{"ns":549348,"calls":1},"lossy_post_loop":{"ns":1823,"calls":1}}}
{"schema":"libwebp-encoder-stage-v1","record_type":"encode","run_id":"","case_id":"","backend":"","pid":803555,"encode_index":49,"sample_role":"cold","method":4,"quality":75.000,"lossless":false,"exact":true,"thread_level":0,"width":512,"height":512,"pixels":262144,"ok":true,"error_code":0,"output_bytes":0,"metal_cross_color":false,"metal_hash":false,"total_ns":9379694,"stages":{"lossy_import":{"ns":395399,"calls":1},"lossy_encoder_init":{"ns":3176,"calls":1},"lossy_analyze":{"ns":14567,"calls":1},"lossy_encode_loop":{"ns":8870240,"calls":1},"lossy_decimate":{"ns":8043863,"calls":1025},"lossy_record_tokens":{"ns":23648,"calls":1024},"lossy_alpha":{"ns":111,"calls":2},"lossy_write":{"ns":94647,"calls":1},"lossy_iter_import":{"ns":132469,"calls":1024},"lossy_side_info":{"ns":28118,"calls":1024},"lossy_emit_tokens":{"ns":405899,"calls":1},"lossy_post_loop":{"ns":1413,"calls":1}}}
{"schema":"libwebp-encoder-stage-v1","record_type":"encode","run_id":"","case_id":"","backend":"","pid":803555,"encode_index":50,"sample_role":"cold","method":4,"quality":75.000,"lossless":false,"exact":true,"thread_level":0,"width":1600,"height":1200,"pixels":1920000,"ok":true,"error_code":0,"output_bytes":0,"metal_cross_color":false,"metal_hash":false,"total_ns":30432368,"stages":{"lossy_import":{"ns":2241051,"calls":1},"lossy_encoder_init":{"ns":4719,"calls":1},"lossy_analyze":{"ns":80521,"calls":1},"lossy_encode_loop":{"ns":25627912,"calls":1},"lossy_decimate":{"ns":20602770,"calls":7501},"lossy_record_tokens":{"ns":174323,"calls":7500},"lossy_alpha":{"ns":191,"calls":2},"lossy_write":{"ns":2476161,"calls":1},"lossy_iter_import":{"ns":864665,"calls":7500},"lossy_side_info":{"ns":203281,"calls":7500},"lossy_emit_tokens":{"ns":2361997,"calls":1},"lossy_post_loop":{"ns":1603,"calls":1}}}
{"schema":"libwebp-encoder-stage-v1","record_type":"encode","run_id":"","case_id":"","backend":"","pid":803555,"encode_index":51,"sample_role":"cold","method":4,"quality":75.000,"lossless":false,"exact":true,"thread_level":0,"width":512,"height":512,"pixels":262144,"ok":true,"error_code":0,"output_bytes":0,"metal_cross_color":false,"metal_hash":false,"total_ns":9961452,"stages":{"lossy_import":{"ns":420948,"calls":1},"lossy_encoder_init":{"ns":2394,"calls":1},"lossy_analyze":{"ns":13946,"calls":1},"lossy_encode_loop":{"ns":9204947,"calls":1},"lossy_decimate":{"ns":8119920,"calls":1025},"lossy_record_tokens":{"ns":24010,"calls":1024},"lossy_alpha":{"ns":110,"calls":2},"lossy_write":{"ns":317724,"calls":1},"lossy_iter_import":{"ns":105251,"calls":1024},"lossy_side_info":{"ns":28010,"calls":1024},"lossy_emit_tokens":{"ns":635188,"calls":1},"lossy_post_loop":{"ns":1373,"calls":1}}}
{"schema":"libwebp-encoder-stage-v1","record_type":"encode","run_id":"","case_id":"","backend":"","pid":803555,"encode_index":52,"sample_role":"cold","method":4,"quality":75.000,"lossless":false,"exact":true,"thread_level":0,"width":1600,"height":1200,"pixels":1920000,"ok":true,"error_code":0,"output_bytes":0,"metal_cross_color":false,"metal_hash":false,"total_ns":70723706,"stages":{"lossy_import":{"ns":2391553,"calls":1},"lossy_encoder_init":{"ns":5040,"calls":1},"lossy_analyze":{"ns":80340,"calls":1},"lossy_encode_loop":{"ns":62053781,"calls":1},"lossy_decimate":{"ns":46496863,"calls":7501},"lossy_record_tokens":{"ns":207484,"calls":7500},"lossy_alpha":{"ns":190,"calls":2},"lossy_write":{"ns":6190629,"calls":1},"lossy_iter_import":{"ns":781635,"calls":7500},"lossy_side_info":{"ns":244099,"calls":7500},"lossy_emit_tokens":{"ns":10612449,"calls":1},"lossy_post_loop":{"ns":2454,"calls":1}}}
{"schema":"libwebp-encoder-stage-v1","record_type":"encode","run_id":"","case_id":"","backend":"","pid":803555,"encode_index":53,"sample_role":"cold","method":4,"quality":75.000,"lossless":false,"exact":true,"thread_level":0,"width":512,"height":512,"pixels":262144,"ok":true,"error_code":0,"output_bytes":0,"metal_cross_color":false,"metal_hash":false,"total_ns":12236055,"stages":{"lossy_import":{"ns":438099,"calls":1},"lossy_encoder_init":{"ns":2195,"calls":1},"lossy_analyze":{"ns":14346,"calls":1},"lossy_encode_loop":{"ns":11266141,"calls":1},"lossy_decimate":{"ns":7770650,"calls":1025},"lossy_record_tokens":{"ns":23045,"calls":1024},"lossy_alpha":{"ns":91,"calls":2},"lossy_write":{"ns":513851,"calls":1},"lossy_iter_import":{"ns":77978,"calls":1024},"lossy_side_info":{"ns":27448,"calls":1024},"lossy_emit_tokens":{"ns":2656228,"calls":1},"lossy_post_loop":{"ns":1844,"calls":1}}}
{"schema":"libwebp-encoder-stage-v1","record_type":"encode","run_id":"","case_id":"","backend":"","pid":803555,"encode_index":54,"sample_role":"cold","method":4,"quality":75.000,"lossless":false,"exact":true,"thread_level":0,"width":1600,"height":1200,"pixels":1920000,"ok":true,"error_code":0,"output_bytes":0,"metal_cross_color":false,"metal_hash":false,"total_ns":25663850,"stages":{"lossy_import":{"ns":2341029,"calls":1},"lossy_encoder_init":{"ns":4708,"calls":1},"lossy_analyze":{"ns":82294,"calls":1},"lossy_encode_loop":{"ns":22882527,"calls":1},"lossy_decimate":{"ns":19918099,"calls":7501},"lossy_record_tokens":{"ns":174075,"calls":7500},"lossy_alpha":{"ns":180,"calls":2},"lossy_write":{"ns":351477,"calls":1},"lossy_iter_import":{"ns":958384,"calls":7500},"lossy_side_info":{"ns":205544,"calls":7500},"lossy_emit_tokens":{"ns":606424,"calls":1},"lossy_post_loop":{"ns":1603,"calls":1}}}
{"schema":"libwebp-encoder-stage-v1","record_type":"encode","run_id":"","case_id":"","backend":"","pid":803555,"encode_index":55,"sample_role":"cold","method":4,"quality":75.000,"lossless":false,"exact":true,"thread_level":0,"width":512,"height":512,"pixels":262144,"ok":true,"error_code":0,"output_bytes":0,"metal_cross_color":false,"metal_hash":false,"total_ns":9420609,"stages":{"lossy_import":{"ns":402873,"calls":1},"lossy_encoder_init":{"ns":3617,"calls":1},"lossy_analyze":{"ns":14327,"calls":1},"lossy_encode_loop":{"ns":8904424,"calls":1},"lossy_decimate":{"ns":8068065,"calls":1025},"lossy_record_tokens":{"ns":23591,"calls":1024},"lossy_alpha":{"ns":100,"calls":2},"lossy_write":{"ns":93866,"calls":1},"lossy_iter_import":{"ns":125107,"calls":1024},"lossy_side_info":{"ns":27996,"calls":1024},"lossy_emit_tokens":{"ns":427359,"calls":1},"lossy_post_loop":{"ns":1212,"calls":1}}}
{"schema":"libwebp-encoder-stage-v1","record_type":"encode","run_id":"","case_id":"","backend":"","pid":803555,"encode_index":56,"sample_role":"cold","method":4,"quality":75.000,"lossless":false,"exact":true,"thread_level":0,"width":1600,"height":1200,"pixels":1920000,"ok":true,"error_code":0,"output_bytes":0,"metal_cross_color":false,"metal_hash":false,"total_ns":31067646,"stages":{"lossy_import":{"ns":2237334,"calls":1},"lossy_encoder_init":{"ns":5370,"calls":1},"lossy_analyze":{"ns":80881,"calls":1},"lossy_encode_loop":{"ns":26321239,"calls":1},"lossy_decimate":{"ns":20721049,"calls":7501},"lossy_record_tokens":{"ns":189590,"calls":7500},"lossy_alpha":{"ns":190,"calls":2},"lossy_write":{"ns":2420808,"calls":1},"lossy_iter_import":{"ns":930887,"calls":7500},"lossy_side_info":{"ns":203815,"calls":7500},"lossy_emit_tokens":{"ns":2660366,"calls":1},"lossy_post_loop":{"ns":1553,"calls":1}}}
{"schema":"libwebp-encoder-stage-v1","record_type":"encode","run_id":"","case_id":"","backend":"","pid":803555,"encode_index":57,"sample_role":"cold","method":4,"quality":75.000,"lossless":false,"exact":true,"thread_level":0,"width":512,"height":512,"pixels":262144,"ok":true,"error_code":0,"output_bytes":0,"metal_cross_color":false,"metal_hash":false,"total_ns":9989233,"stages":{"lossy_import":{"ns":438139,"calls":1},"lossy_encoder_init":{"ns":2855,"calls":1},"lossy_analyze":{"ns":14217,"calls":1},"lossy_encode_loop":{"ns":9235634,"calls":1},"lossy_decimate":{"ns":8105446,"calls":1025},"lossy_record_tokens":{"ns":22950,"calls":1024},"lossy_alpha":{"ns":100,"calls":2},"lossy_write":{"ns":296825,"calls":1},"lossy_iter_import":{"ns":104416,"calls":1024},"lossy_side_info":{"ns":27354,"calls":1024},"lossy_emit_tokens":{"ns":656859,"calls":1},"lossy_post_loop":{"ns":1382,"calls":1}}}
{"schema":"libwebp-encoder-stage-v1","record_type":"encode","run_id":"","case_id":"","backend":"","pid":803555,"encode_index":58,"sample_role":"cold","method":4,"quality":75.000,"lossless":false,"exact":true,"thread_level":0,"width":1600,"height":1200,"pixels":1920000,"ok":true,"error_code":0,"output_bytes":0,"metal_cross_color":false,"metal_hash":false,"total_ns":72625333,"stages":{"lossy_import":{"ns":2398846,"calls":1},"lossy_encoder_init":{"ns":5060,"calls":1},"lossy_analyze":{"ns":80571,"calls":1},"lossy_encode_loop":{"ns":63598720,"calls":1},"lossy_decimate":{"ns":47791930,"calls":7501},"lossy_record_tokens":{"ns":197153,"calls":7500},"lossy_alpha":{"ns":191,"calls":2},"lossy_write":{"ns":6539711,"calls":1},"lossy_iter_import":{"ns":755324,"calls":7500},"lossy_side_info":{"ns":226909,"calls":7500},"lossy_emit_tokens":{"ns":11044547,"calls":1},"lossy_post_loop":{"ns":2394,"calls":1}}}
{"schema":"libwebp-encoder-stage-v1","record_type":"encode","run_id":"","case_id":"","backend":"","pid":803555,"encode_index":59,"sample_role":"cold","method":4,"quality":75.000,"lossless":false,"exact":true,"thread_level":0,"width":512,"height":512,"pixels":262144,"ok":true,"error_code":0,"output_bytes":0,"metal_cross_color":false,"metal_hash":false,"total_ns":11360317,"stages":{"lossy_import":{"ns":420767,"calls":1},"lossy_encoder_init":{"ns":2264,"calls":1},"lossy_analyze":{"ns":13205,"calls":1},"lossy_encode_loop":{"ns":10401444,"calls":1},"lossy_decimate":{"ns":7805598,"calls":1025},"lossy_record_tokens":{"ns":23357,"calls":1024},"lossy_alpha":{"ns":90,"calls":2},"lossy_write":{"ns":521185,"calls":1},"lossy_iter_import":{"ns":79745,"calls":1024},"lossy_side_info":{"ns":27959,"calls":1024},"lossy_emit_tokens":{"ns":1780841,"calls":1},"lossy_post_loop":{"ns":1543,"calls":1}}}
{"schema":"libwebp-encoder-stage-v1","record_type":"encode","run_id":"","case_id":"","backend":"","pid":803555,"encode_index":60,"sample_role":"cold","method":4,"quality":75.000,"lossless":false,"exact":true,"thread_level":0,"width":1600,"height":1200,"pixels":1920000,"ok":true,"error_code":0,"output_bytes":0,"metal_cross_color":false,"metal_hash":false,"total_ns":25650484,"stages":{"lossy_import":{"ns":2334486,"calls":1},"lossy_encoder_init":{"ns":4648,"calls":1},"lossy_analyze":{"ns":82054,"calls":1},"lossy_encode_loop":{"ns":22904499,"calls":1},"lossy_decimate":{"ns":19671685,"calls":7501},"lossy_record_tokens":{"ns":177510,"calls":7500},"lossy_alpha":{"ns":100,"calls":2},"lossy_write":{"ns":322984,"calls":1},"lossy_iter_import":{"ns":1045437,"calls":7500},"lossy_side_info":{"ns":199799,"calls":7500},"lossy_emit_tokens":{"ns":605032,"calls":1},"lossy_post_loop":{"ns":1723,"calls":1}}}
{"schema":"libwebp-encoder-stage-v1","record_type":"encode","run_id":"","case_id":"","backend":"","pid":803555,"encode_index":61,"sample_role":"cold","method":4,"quality":75.000,"lossless":false,"exact":true,"thread_level":0,"width":512,"height":512,"pixels":262144,"ok":true,"error_code":0,"output_bytes":0,"metal_cross_color":false,"metal_hash":false,"total_ns":9466215,"stages":{"lossy_import":{"ns":399587,"calls":1},"lossy_encoder_init":{"ns":3146,"calls":1},"lossy_analyze":{"ns":13375,"calls":1},"lossy_encode_loop":{"ns":8954398,"calls":1},"lossy_decimate":{"ns":8057403,"calls":1025},"lossy_record_tokens":{"ns":23861,"calls":1024},"lossy_alpha":{"ns":101,"calls":2},"lossy_write":{"ns":94226,"calls":1},"lossy_iter_import":{"ns":130665,"calls":1024},"lossy_side_info":{"ns":29796,"calls":1024},"lossy_emit_tokens":{"ns":443359,"calls":1},"lossy_post_loop":{"ns":1363,"calls":1}}}
{"schema":"libwebp-encoder-stage-v1","record_type":"encode","run_id":"","case_id":"","backend":"","pid":803555,"encode_index":62,"sample_role":"cold","method":4,"quality":75.000,"lossless":false,"exact":true,"thread_level":0,"width":1600,"height":1200,"pixels":1920000,"ok":true,"error_code":0,"output_bytes":0,"metal_cross_color":false,"metal_hash":false,"total_ns":31766824,"stages":{"lossy_import":{"ns":2204162,"calls":1},"lossy_encoder_init":{"ns":4499,"calls":1},"lossy_analyze":{"ns":80240,"calls":1},"lossy_encode_loop":{"ns":27055493,"calls":1},"lossy_decimate":{"ns":21253135,"calls":7501},"lossy_record_tokens":{"ns":178618,"calls":7500},"lossy_alpha":{"ns":80,"calls":2},"lossy_write":{"ns":2420477,"calls":1},"lossy_iter_import":{"ns":795996,"calls":7500},"lossy_side_info":{"ns":199741,"calls":7500},"lossy_emit_tokens":{"ns":2936713,"calls":1},"lossy_post_loop":{"ns":1854,"calls":1}}}
{"schema":"libwebp-encoder-stage-v1","record_type":"encode","run_id":"","case_id":"","backend":"","pid":803555,"encode_index":63,"sample_role":"cold","method":4,"quality":75.000,"lossless":false,"exact":true,"thread_level":0,"width":512,"height":512,"pixels":262144,"ok":true,"error_code":0,"output_bytes":0,"metal_cross_color":false,"metal_hash":false,"total_ns":10079812,"stages":{"lossy_import":{"ns":420296,"calls":1},"lossy_encoder_init":{"ns":3346,"calls":1},"lossy_analyze":{"ns":13666,"calls":1},"lossy_encode_loop":{"ns":9340850,"calls":1},"lossy_decimate":{"ns":8142764,"calls":1025},"lossy_record_tokens":{"ns":24002,"calls":1024},"lossy_alpha":{"ns":91,"calls":2},"lossy_write":{"ns":300201,"calls":1},"lossy_iter_import":{"ns":105486,"calls":1024},"lossy_side_info":{"ns":28179,"calls":1024},"lossy_emit_tokens":{"ns":749722,"calls":1},"lossy_post_loop":{"ns":1222,"calls":1}}}
{"schema":"libwebp-encoder-stage-v1","record_type":"encode","run_id":"","case_id":"","backend":"","pid":803555,"encode_index":64,"sample_role":"cold","method":4,"quality":75.000,"lossless":false,"exact":true,"thread_level":0,"width":1600,"height":1200,"pixels":1920000,"ok":true,"error_code":0,"output_bytes":0,"metal_cross_color":false,"metal_hash":false,"total_ns":81815852,"stages":{"lossy_import":{"ns":2396051,"calls":1},"lossy_encoder_init":{"ns":5521,"calls":1},"lossy_analyze":{"ns":80851,"calls":1},"lossy_encode_loop":{"ns":69087666,"calls":1},"lossy_decimate":{"ns":46813419,"calls":7501},"lossy_record_tokens":{"ns":200573,"calls":7500},"lossy_alpha":{"ns":221,"calls":2},"lossy_write":{"ns":10242346,"calls":1},"lossy_iter_import":{"ns":725750,"calls":7500},"lossy_side_info":{"ns":232317,"calls":7500},"lossy_emit_tokens":{"ns":17557668,"calls":1},"lossy_post_loop":{"ns":3085,"calls":1}}}
{"schema":"libwebp-encoder-stage-v1","record_type":"encode","run_id":"","case_id":"","backend":"","pid":803555,"encode_index":65,"sample_role":"cold","method":4,"quality":75.000,"lossless":false,"exact":true,"thread_level":0,"width":512,"height":512,"pixels":262144,"ok":true,"error_code":0,"output_bytes":0,"metal_cross_color":false,"metal_hash":false,"total_ns":12515237,"stages":{"lossy_import":{"ns":439091,"calls":1},"lossy_encoder_init":{"ns":2885,"calls":1},"lossy_analyze":{"ns":22412,"calls":1},"lossy_encode_loop":{"ns":11505118,"calls":1},"lossy_decimate":{"ns":8536946,"calls":1025},"lossy_record_tokens":{"ns":27020,"calls":1024},"lossy_alpha":{"ns":120,"calls":2},"lossy_write":{"ns":542865,"calls":1},"lossy_iter_import":{"ns":111505,"calls":1024},"lossy_side_info":{"ns":34095,"calls":1024},"lossy_emit_tokens":{"ns":2025969,"calls":1},"lossy_post_loop":{"ns":2845,"calls":1}}}
{"schema":"libwebp-encoder-stage-v1","record_type":"encode","run_id":"","case_id":"","backend":"","pid":803555,"encode_index":66,"sample_role":"cold","method":4,"quality":75.000,"lossless":false,"exact":true,"thread_level":0,"width":1600,"height":1200,"pixels":1920000,"ok":true,"error_code":0,"output_bytes":0,"metal_cross_color":false,"metal_hash":false,"total_ns":25972367,"stages":{"lossy_import":{"ns":2427180,"calls":1},"lossy_encoder_init":{"ns":6182,"calls":1},"lossy_analyze":{"ns":86021,"calls":1},"lossy_encode_loop":{"ns":23071311,"calls":1},"lossy_decimate":{"ns":19806583,"calls":7501},"lossy_record_tokens":{"ns":182402,"calls":7500},"lossy_alpha":{"ns":351,"calls":2},"lossy_write":{"ns":379179,"calls":1},"lossy_iter_import":{"ns":1106639,"calls":7500},"lossy_side_info":{"ns":214582,"calls":7500},"lossy_emit_tokens":{"ns":748079,"calls":1},"lossy_post_loop":{"ns":2645,"calls":1}}}
{"schema":"libwebp-encoder-stage-v1","record_type":"encode","run_id":"","case_id":"","backend":"","pid":803555,"encode_index":67,"sample_role":"cold","method":4,"quality":75.000,"lossless":false,"exact":true,"thread_level":0,"width":512,"height":512,"pixels":262144,"ok":true,"error_code":0,"output_bytes":0,"metal_cross_color":false,"metal_hash":false,"total_ns":9599614,"stages":{"lossy_import":{"ns":554036,"calls":1},"lossy_encoder_init":{"ns":4729,"calls":1},"lossy_analyze":{"ns":15108,"calls":1},"lossy_encode_loop":{"ns":8932727,"calls":1},"lossy_decimate":{"ns":8071967,"calls":1025},"lossy_record_tokens":{"ns":23876,"calls":1024},"lossy_alpha":{"ns":271,"calls":2},"lossy_write":{"ns":91060,"calls":1},"lossy_iter_import":{"ns":140070,"calls":1024},"lossy_side_info":{"ns":28310,"calls":1024},"lossy_emit_tokens":{"ns":428822,"calls":1},"lossy_post_loop":{"ns":1673,"calls":1}}}
{"schema":"libwebp-encoder-stage-v1","record_type":"encode","run_id":"","case_id":"","backend":"","pid":803555,"encode_index":68,"sample_role":"cold","method":4,"quality":75.000,"lossless":false,"exact":true,"thread_level":0,"width":1600,"height":1200,"pixels":1920000,"ok":true,"error_code":0,"output_bytes":0,"metal_cross_color":false,"metal_hash":false,"total_ns":29609629,"stages":{"lossy_import":{"ns":2249196,"calls":1},"lossy_encoder_init":{"ns":5189,"calls":1},"lossy_analyze":{"ns":88175,"calls":1},"lossy_encode_loop":{"ns":24721087,"calls":1},"lossy_decimate":{"ns":19953309,"calls":7501},"lossy_record_tokens":{"ns":196047,"calls":7500},"lossy_alpha":{"ns":190,"calls":2},"lossy_write":{"ns":2543808,"calls":1},"lossy_iter_import":{"ns":1120844,"calls":7500},"lossy_side_info":{"ns":203603,"calls":7500},"lossy_emit_tokens":{"ns":1866401,"calls":1},"lossy_post_loop":{"ns":1793,"calls":1}}}
{"schema":"libwebp-encoder-stage-v1","record_type":"encode","run_id":"","case_id":"","backend":"","pid":803555,"encode_index":69,"sample_role":"cold","method":4,"quality":75.000,"lossless":false,"exact":true,"thread_level":0,"width":512,"height":512,"pixels":262144,"ok":true,"error_code":0,"output_bytes":0,"metal_cross_color":false,"metal_hash":false,"total_ns":10008589,"stages":{"lossy_import":{"ns":426347,"calls":1},"lossy_encoder_init":{"ns":3056,"calls":1},"lossy_analyze":{"ns":14888,"calls":1},"lossy_encode_loop":{"ns":9240492,"calls":1},"lossy_decimate":{"ns":8124896,"calls":1025},"lossy_record_tokens":{"ns":24031,"calls":1024},"lossy_alpha":{"ns":100,"calls":2},"lossy_write":{"ns":322393,"calls":1},"lossy_iter_import":{"ns":107510,"calls":1024},"lossy_side_info":{"ns":27765,"calls":1024},"lossy_emit_tokens":{"ns":662960,"calls":1},"lossy_post_loop":{"ns":1082,"calls":1}}}
{"schema":"libwebp-encoder-stage-v1","record_type":"encode","run_id":"","case_id":"","backend":"","pid":803555,"encode_index":70,"sample_role":"cold","method":4,"quality":75.000,"lossless":false,"exact":true,"thread_level":0,"width":1600,"height":1200,"pixels":1920000,"ok":true,"error_code":0,"output_bytes":0,"metal_cross_color":false,"metal_hash":false,"total_ns":72222649,"stages":{"lossy_import":{"ns":2416490,"calls":1},"lossy_encoder_init":{"ns":5580,"calls":1},"lossy_analyze":{"ns":82925,"calls":1},"lossy_encode_loop":{"ns":63407221,"calls":1},"lossy_decimate":{"ns":47884444,"calls":7501},"lossy_record_tokens":{"ns":202847,"calls":7500},"lossy_alpha":{"ns":561,"calls":2},"lossy_write":{"ns":6307127,"calls":1},"lossy_iter_import":{"ns":736847,"calls":7500},"lossy_side_info":{"ns":233122,"calls":7500},"lossy_emit_tokens":{"ns":10686688,"calls":1},"lossy_post_loop":{"ns":2245,"calls":1}}}
{"schema":"libwebp-encoder-stage-v1","record_type":"encode","run_id":"","case_id":"","backend":"","pid":803555,"encode_index":71,"sample_role":"cold","method":4,"quality":75.000,"lossless":false,"exact":true,"thread_level":0,"width":512,"height":512,"pixels":262144,"ok":true,"error_code":0,"output_bytes":0,"metal_cross_color":false,"metal_hash":false,"total_ns":12100322,"stages":{"lossy_import":{"ns":429513,"calls":1},"lossy_encoder_init":{"ns":2124,"calls":1},"lossy_analyze":{"ns":14958,"calls":1},"lossy_encode_loop":{"ns":11131028,"calls":1},"lossy_decimate":{"ns":7848066,"calls":1025},"lossy_record_tokens":{"ns":23864,"calls":1024},"lossy_alpha":{"ns":90,"calls":2},"lossy_write":{"ns":521064,"calls":1},"lossy_iter_import":{"ns":79774,"calls":1024},"lossy_side_info":{"ns":27756,"calls":1024},"lossy_emit_tokens":{"ns":2438802,"calls":1},"lossy_post_loop":{"ns":1813,"calls":1}}}
{"schema":"libwebp-encoder-stage-v1","record_type":"encode","run_id":"","case_id":"","backend":"","pid":803555,"encode_index":72,"sample_role":"cold","method":4,"quality":75.000,"lossless":false,"exact":true,"thread_level":0,"width":1600,"height":1200,"pixels":1920000,"ok":true,"error_code":0,"output_bytes":0,"metal_cross_color":false,"metal_hash":false,"total_ns":25673247,"stages":{"lossy_import":{"ns":2341749,"calls":1},"lossy_encoder_init":{"ns":6782,"calls":1},"lossy_analyze":{"ns":86692,"calls":1},"lossy_encode_loop":{"ns":22908536,"calls":1},"lossy_decimate":{"ns":19776601,"calls":7501},"lossy_record_tokens":{"ns":184501,"calls":7500},"lossy_alpha":{"ns":272,"calls":2},"lossy_write":{"ns":327282,"calls":1},"lossy_iter_import":{"ns":1080088,"calls":7500},"lossy_side_info":{"ns":203297,"calls":7500},"lossy_emit_tokens":{"ns":639275,"calls":1},"lossy_post_loop":{"ns":1953,"calls":1}}}
{"schema":"libwebp-encoder-stage-v1","record_type":"encode","run_id":"","case_id":"","backend":"","pid":803555,"encode_index":73,"sample_role":"cold","method":4,"quality":75.000,"lossless":false,"exact":true,"thread_level":0,"width":512,"height":512,"pixels":262144,"ok":true,"error_code":0,"output_bytes":0,"metal_cross_color":false,"metal_hash":false,"total_ns":9364295,"stages":{"lossy_import":{"ns":391152,"calls":1},"lossy_encoder_init":{"ns":3136,"calls":1},"lossy_analyze":{"ns":14527,"calls":1},"lossy_encode_loop":{"ns":8857377,"calls":1},"lossy_decimate":{"ns":8056106,"calls":1025},"lossy_record_tokens":{"ns":24255,"calls":1024},"lossy_alpha":{"ns":100,"calls":2},"lossy_write":{"ns":96581,"calls":1},"lossy_iter_import":{"ns":130737,"calls":1024},"lossy_side_info":{"ns":27593,"calls":1024},"lossy_emit_tokens":{"ns":391943,"calls":1},"lossy_post_loop":{"ns":1252,"calls":1}}}
{"schema":"libwebp-encoder-stage-v1","record_type":"encode","run_id":"","case_id":"","backend":"","pid":803555,"encode_index":74,"sample_role":"cold","method":4,"quality":75.000,"lossless":false,"exact":true,"thread_level":0,"width":1600,"height":1200,"pixels":1920000,"ok":true,"error_code":0,"output_bytes":0,"metal_cross_color":false,"metal_hash":false,"total_ns":32640738,"stages":{"lossy_import":{"ns":2228417,"calls":1},"lossy_encoder_init":{"ns":5150,"calls":1},"lossy_analyze":{"ns":80571,"calls":1},"lossy_encode_loop":{"ns":27856390,"calls":1},"lossy_decimate":{"ns":22536513,"calls":7501},"lossy_record_tokens":{"ns":189345,"calls":7500},"lossy_alpha":{"ns":290,"calls":2},"lossy_write":{"ns":2468136,"calls":1},"lossy_iter_import":{"ns":879884,"calls":7500},"lossy_side_info":{"ns":203548,"calls":7500},"lossy_emit_tokens":{"ns":2447317,"calls":1},"lossy_post_loop":{"ns":1794,"calls":1}}}
{"schema":"libwebp-encoder-stage-v1","record_type":"encode","run_id":"","case_id":"","backend":"","pid":803555,"encode_index":75,"sample_role":"cold","method":4,"quality":75.000,"lossless":false,"exact":true,"thread_level":0,"width":512,"height":512,"pixels":262144,"ok":true,"error_code":0,"output_bytes":0,"metal_cross_color":false,"metal_hash":false,"total_ns":10028266,"stages":{"lossy_import":{"ns":413103,"calls":1},"lossy_encoder_init":{"ns":2775,"calls":1},"lossy_analyze":{"ns":13385,"calls":1},"lossy_encode_loop":{"ns":9281890,"calls":1},"lossy_decimate":{"ns":8124763,"calls":1025},"lossy_record_tokens":{"ns":23984,"calls":1024},"lossy_alpha":{"ns":90,"calls":2},"lossy_write":{"ns":315711,"calls":1},"lossy_iter_import":{"ns":109985,"calls":1024},"lossy_side_info":{"ns":27970,"calls":1024},"lossy_emit_tokens":{"ns":692605,"calls":1},"lossy_post_loop":{"ns":1402,"calls":1}}}
{"schema":"libwebp-encoder-stage-v1","record_type":"encode","run_id":"","case_id":"","backend":"","pid":803555,"encode_index":76,"sample_role":"cold","method":4,"quality":75.000,"lossless":false,"exact":true,"thread_level":0,"width":1600,"height":1200,"pixels":1920000,"ok":true,"error_code":0,"output_bytes":0,"metal_cross_color":false,"metal_hash":false,"total_ns":81975390,"stages":{"lossy_import":{"ns":2350877,"calls":1},"lossy_encoder_init":{"ns":4940,"calls":1},"lossy_analyze":{"ns":81091,"calls":1},"lossy_encode_loop":{"ns":69382356,"calls":1},"lossy_decimate":{"ns":47531979,"calls":7501},"lossy_record_tokens":{"ns":200346,"calls":7500},"lossy_alpha":{"ns":221,"calls":2},"lossy_write":{"ns":10152909,"calls":1},"lossy_iter_import":{"ns":722998,"calls":7500},"lossy_side_info":{"ns":223558,"calls":7500},"lossy_emit_tokens":{"ns":17183359,"calls":1},"lossy_post_loop":{"ns":2836,"calls":1}}}
{"schema":"libwebp-encoder-stage-v1","record_type":"encode","run_id":"","case_id":"","backend":"","pid":803555,"encode_index":77,"sample_role":"cold","method":4,"quality":75.000,"lossless":false,"exact":true,"thread_level":0,"width":512,"height":512,"pixels":262144,"ok":true,"error_code":0,"output_bytes":0,"metal_cross_color":false,"metal_hash":false,"total_ns":14002380,"stages":{"lossy_import":{"ns":414025,"calls":1},"lossy_encoder_init":{"ns":2525,"calls":1},"lossy_analyze":{"ns":13815,"calls":1},"lossy_encode_loop":{"ns":12698661,"calls":1},"lossy_decimate":{"ns":9007373,"calls":1025},"lossy_record_tokens":{"ns":23124,"calls":1024},"lossy_alpha":{"ns":150,"calls":2},"lossy_write":{"ns":871039,"calls":1},"lossy_iter_import":{"ns":83768,"calls":1024},"lossy_side_info":{"ns":28045,"calls":1024},"lossy_emit_tokens":{"ns":2664995,"calls":1},"lossy_post_loop":{"ns":1803,"calls":1}}}
{"schema":"libwebp-encoder-stage-v1","record_type":"encode","run_id":"","case_id":"","backend":"","pid":803555,"encode_index":78,"sample_role":"cold","method":4,"quality":75.000,"lossless":false,"exact":true,"thread_level":0,"width":1600,"height":1200,"pixels":1920000,"ok":true,"error_code":0,"output_bytes":0,"metal_cross_color":false,"metal_hash":false,"total_ns":25739111,"stages":{"lossy_import":{"ns":2338964,"calls":1},"lossy_encoder_init":{"ns":5541,"calls":1},"lossy_analyze":{"ns":134491,"calls":1},"lossy_encode_loop":{"ns":22919286,"calls":1},"lossy_decimate":{"ns":19686779,"calls":7501},"lossy_record_tokens":{"ns":194674,"calls":7500},"lossy_alpha":{"ns":200,"calls":2},"lossy_write":{"ns":338673,"calls":1},"lossy_iter_import":{"ns":1070484,"calls":7500},"lossy_side_info":{"ns":224940,"calls":7500},"lossy_emit_tokens":{"ns":576669,"calls":1},"lossy_post_loop":{"ns":1823,"calls":1}}}
{"schema":"libwebp-encoder-stage-v1","record_type":"encode","run_id":"","case_id":"","backend":"","pid":803555,"encode_index":79,"sample_role":"cold","method":4,"quality":75.000,"lossless":false,"exact":true,"thread_level":0,"width":512,"height":512,"pixels":262144,"ok":true,"error_code":0,"output_bytes":0,"metal_cross_color":false,"metal_hash":false,"total_ns":9337473,"stages":{"lossy_import":{"ns":388787,"calls":1},"lossy_encoder_init":{"ns":3537,"calls":1},"lossy_analyze":{"ns":14737,"calls":1},"lossy_encode_loop":{"ns":8838521,"calls":1},"lossy_decimate":{"ns":8054987,"calls":1025},"lossy_record_tokens":{"ns":23813,"calls":1024},"lossy_alpha":{"ns":90,"calls":2},"lossy_write":{"ns":90510,"calls":1},"lossy_iter_import":{"ns":128668,"calls":1024},"lossy_side_info":{"ns":28117,"calls":1024},"lossy_emit_tokens":{"ns":379960,"calls":1},"lossy_post_loop":{"ns":1273,"calls":1}}}
{"schema":"libwebp-encoder-stage-v1","record_type":"encode","run_id":"","case_id":"","backend":"","pid":803555,"encode_index":80,"sample_role":"cold","method":4,"quality":75.000,"lossless":false,"exact":true,"thread_level":0,"width":1600,"height":1200,"pixels":1920000,"ok":true,"error_code":0,"output_bytes":0,"metal_cross_color":false,"metal_hash":false,"total_ns":31649425,"stages":{"lossy_import":{"ns":2230492,"calls":1},"lossy_encoder_init":{"ns":5561,"calls":1},"lossy_analyze":{"ns":87123,"calls":1},"lossy_encode_loop":{"ns":26906103,"calls":1},"lossy_decimate":{"ns":21273800,"calls":7501},"lossy_record_tokens":{"ns":176248,"calls":7500},"lossy_alpha":{"ns":180,"calls":2},"lossy_write":{"ns":2418143,"calls":1},"lossy_iter_import":{"ns":807467,"calls":7500},"lossy_side_info":{"ns":205691,"calls":7500},"lossy_emit_tokens":{"ns":2717252,"calls":1},"lossy_post_loop":{"ns":1903,"calls":1}}}
{"schema":"libwebp-encoder-stage-v1","record_type":"encode","run_id":"","case_id":"","backend":"","pid":803555,"encode_index":81,"sample_role":"cold","method":4,"quality":75.000,"lossless":false,"exact":true,"thread_level":0,"width":512,"height":512,"pixels":262144,"ok":true,"error_code":0,"output_bytes":0,"metal_cross_color":false,"metal_hash":false,"total_ns":10136027,"stages":{"lossy_import":{"ns":421037,"calls":1},"lossy_encoder_init":{"ns":10991,"calls":1},"lossy_analyze":{"ns":14176,"calls":1},"lossy_encode_loop":{"ns":9386206,"calls":1},"lossy_decimate":{"ns":8127965,"calls":1025},"lossy_record_tokens":{"ns":23421,"calls":1024},"lossy_alpha":{"ns":90,"calls":2},"lossy_write":{"ns":301914,"calls":1},"lossy_iter_import":{"ns":101437,"calls":1024},"lossy_side_info":{"ns":27549,"calls":1024},"lossy_emit_tokens":{"ns":743150,"calls":1},"lossy_post_loop":{"ns":1393,"calls":1}}}
{"schema":"libwebp-encoder-stage-v1","record_type":"encode","run_id":"","case_id":"","backend":"","pid":803555,"encode_index":82,"sample_role":"cold","method":4,"quality":75.000,"lossless":false,"exact":true,"thread_level":0,"width":1600,"height":1200,"pixels":1920000,"ok":true,"error_code":0,"output_bytes":0,"metal_cross_color":false,"metal_hash":false,"total_ns":72384241,"stages":{"lossy_import":{"ns":2346248,"calls":1},"lossy_encoder_init":{"ns":5190,"calls":1},"lossy_analyze":{"ns":81282,"calls":1},"lossy_encode_loop":{"ns":66307997,"calls":1},"lossy_decimate":{"ns":48713557,"calls":7501},"lossy_record_tokens":{"ns":196592,"calls":7500},"lossy_alpha":{"ns":291,"calls":2},"lossy_write":{"ns":3641050,"calls":1},"lossy_iter_import":{"ns":760270,"calls":7500},"lossy_side_info":{"ns":227760,"calls":7500},"lossy_emit_tokens":{"ns":12799179,"calls":1},"lossy_post_loop":{"ns":2304,"calls":1}}}
{"schema":"libwebp-encoder-stage-v1","record_type":"encode","run_id":"","case_id":"","backend":"","pid":803555,"encode_index":83,"sample_role":"cold","method":4,"quality":75.000,"lossless":false,"exact":true,"thread_level":0,"width":512,"height":512,"pixels":262144,"ok":true,"error_code":0,"output_bytes":0,"metal_cross_color":false,"metal_hash":false,"total_ns":11713188,"stages":{"lossy_import":{"ns":437238,"calls":1},"lossy_encoder_init":{"ns":1754,"calls":1},"lossy_analyze":{"ns":14056,"calls":1},"lossy_encode_loop":{"ns":10749886,"calls":1},"lossy_decimate":{"ns":7828696,"calls":1025},"lossy_record_tokens":{"ns":23226,"calls":1024},"lossy_alpha":{"ns":100,"calls":2},"lossy_write":{"ns":508651,"calls":1},"lossy_iter_import":{"ns":75943,"calls":1024},"lossy_side_info":{"ns":27627,"calls":1024},"lossy_emit_tokens":{"ns":2089097,"calls":1},"lossy_post_loop":{"ns":2014,"calls":1}}}
{"schema":"libwebp-encoder-stage-v1","record_type":"encode","run_id":"","case_id":"","backend":"","pid":803555,"encode_index":84,"sample_role":"cold","method":4,"quality":75.000,"lossless":false,"exact":true,"thread_level":0,"width":1600,"height":1200,"pixels":1920000,"ok":true,"error_code":0,"output_bytes":0,"metal_cross_color":false,"metal_hash":false,"total_ns":25697512,"stages":{"lossy_import":{"ns":2372948,"calls":1},"lossy_encoder_init":{"ns":6122,"calls":1},"lossy_analyze":{"ns":94667,"calls":1},"lossy_encode_loop":{"ns":22895342,"calls":1},"lossy_decimate":{"ns":19677054,"calls":7501},"lossy_record_tokens":{"ns":174791,"calls":7500},"lossy_alpha":{"ns":190,"calls":2},"lossy_write":{"ns":326120,"calls":1},"lossy_iter_import":{"ns":1032816,"calls":7500},"lossy_side_info":{"ns":204424,"calls":7500},"lossy_emit_tokens":{"ns":608759,"calls":1},"lossy_post_loop":{"ns":1674,"calls":1}}}
{"schema":"libwebp-encoder-stage-v1","record_type":"encode","run_id":"","case_id":"","backend":"","pid":803555,"encode_index":85,"sample_role":"cold","method":4,"quality":75.000,"lossless":false,"exact":true,"thread_level":0,"width":512,"height":512,"pixels":262144,"ok":true,"error_code":0,"output_bytes":0,"metal_cross_color":false,"metal_hash":false,"total_ns":9402446,"stages":{"lossy_import":{"ns":393677,"calls":1},"lossy_encoder_init":{"ns":3236,"calls":1},"lossy_analyze":{"ns":14467,"calls":1},"lossy_encode_loop":{"ns":8900016,"calls":1},"lossy_decimate":{"ns":8030047,"calls":1025},"lossy_record_tokens":{"ns":23472,"calls":1024},"lossy_alpha":{"ns":100,"calls":2},"lossy_write":{"ns":89618,"calls":1},"lossy_iter_import":{"ns":137048,"calls":1024},"lossy_side_info":{"ns":28948,"calls":1024},"lossy_emit_tokens":{"ns":422319,"calls":1},"lossy_post_loop":{"ns":1342,"calls":1}}}
{"schema":"libwebp-encoder-stage-v1","record_type":"encode","run_id":"","case_id":"","backend":"","pid":803555,"encode_index":86,"sample_role":"cold","method":4,"quality":75.000,"lossless":false,"exact":true,"thread_level":0,"width":1600,"height":1200,"pixels":1920000,"ok":true,"error_code":0,"output_bytes":0,"metal_cross_color":false,"metal_hash":false,"total_ns":32313336,"stages":{"lossy_import":{"ns":2213910,"calls":1},"lossy_encoder_init":{"ns":4658,"calls":1},"lossy_analyze":{"ns":80852,"calls":1},"lossy_encode_loop":{"ns":27542694,"calls":1},"lossy_decimate":{"ns":21453104,"calls":7501},"lossy_record_tokens":{"ns":174748,"calls":7500},"lossy_alpha":{"ns":190,"calls":2},"lossy_write":{"ns":2469088,"calls":1},"lossy_iter_import":{"ns":798376,"calls":7500},"lossy_side_info":{"ns":198545,"calls":7500},"lossy_emit_tokens":{"ns":3047099,"calls":1},"lossy_post_loop":{"ns":1643,"calls":1}}}
{"schema":"libwebp-encoder-stage-v1","record_type":"encode","run_id":"","case_id":"","backend":"","pid":803555,"encode_index":87,"sample_role":"cold","method":4,"quality":75.000,"lossless":false,"exact":true,"thread_level":0,"width":512,"height":512,"pixels":262144,"ok":true,"error_code":0,"output_bytes":0,"metal_cross_color":false,"metal_hash":false,"total_ns":10173869,"stages":{"lossy_import":{"ns":425616,"calls":1},"lossy_encoder_init":{"ns":2705,"calls":1},"lossy_analyze":{"ns":13685,"calls":1},"lossy_encode_loop":{"ns":9421632,"calls":1},"lossy_decimate":{"ns":8148107,"calls":1025},"lossy_record_tokens":{"ns":23513,"calls":1024},"lossy_alpha":{"ns":90,"calls":2},"lossy_write":{"ns":308768,"calls":1},"lossy_iter_import":{"ns":94440,"calls":1024},"lossy_side_info":{"ns":27639,"calls":1024},"lossy_emit_tokens":{"ns":685743,"calls":1},"lossy_post_loop":{"ns":1142,"calls":1}}}
{"schema":"libwebp-encoder-stage-v1","record_type":"encode","run_id":"","case_id":"","backend":"","pid":803555,"encode_index":88,"sample_role":"cold","method":4,"quality":75.000,"lossless":false,"exact":true,"thread_level":0,"width":1600,"height":1200,"pixels":1920000,"ok":true,"error_code":0,"output_bytes":0,"metal_cross_color":false,"metal_hash":false,"total_ns":81811093,"stages":{"lossy_import":{"ns":2360876,"calls":1},"lossy_encoder_init":{"ns":5641,"calls":1},"lossy_analyze":{"ns":80771,"calls":1},"lossy_encode_loop":{"ns":69342863,"calls":1},"lossy_decimate":{"ns":47709415,"calls":7501},"lossy_record_tokens":{"ns":191867,"calls":7500},"lossy_alpha":{"ns":220,"calls":2},"lossy_write":{"ns":10018038,"calls":1},"lossy_iter_import":{"ns":722951,"calls":7500},"lossy_side_info":{"ns":223140,"calls":7500},"lossy_emit_tokens":{"ns":16857609,"calls":1},"lossy_post_loop":{"ns":2675,"calls":1}}}
{"schema":"libwebp-encoder-stage-v1","record_type":"encode","run_id":"","case_id":"","backend":"","pid":803555,"encode_index":89,"sample_role":"cold","method":4,"quality":75.000,"lossless":false,"exact":true,"thread_level":0,"width":512,"height":512,"pixels":262144,"ok":true,"error_code":0,"output_bytes":0,"metal_cross_color":false,"metal_hash":false,"total_ns":12623200,"stages":{"lossy_import":{"ns":420567,"calls":1},"lossy_encoder_init":{"ns":2234,"calls":1},"lossy_analyze":{"ns":13596,"calls":1},"lossy_encode_loop":{"ns":11673333,"calls":1},"lossy_decimate":{"ns":8560916,"calls":1025},"lossy_record_tokens":{"ns":23288,"calls":1024},"lossy_alpha":{"ns":90,"calls":2},"lossy_write":{"ns":511978,"calls":1},"lossy_iter_import":{"ns":77386,"calls":1024},"lossy_side_info":{"ns":27471,"calls":1024},"lossy_emit_tokens":{"ns":2096581,"calls":1},"lossy_post_loop":{"ns":2084,"calls":1}}}
{"schema":"libwebp-encoder-stage-v1","record_type":"encode","run_id":"","case_id":"","backend":"","pid":803555,"encode_index":90,"sample_role":"cold","method":4,"quality":75.000,"lossless":false,"exact":true,"thread_level":0,"width":1600,"height":1200,"pixels":1920000,"ok":true,"error_code":0,"output_bytes":0,"metal_cross_color":false,"metal_hash":false,"total_ns":25607734,"stages":{"lossy_import":{"ns":2271658,"calls":1},"lossy_encoder_init":{"ns":4388,"calls":1},"lossy_analyze":{"ns":81292,"calls":1},"lossy_encode_loop":{"ns":22921050,"calls":1},"lossy_decimate":{"ns":19548926,"calls":7501},"lossy_record_tokens":{"ns":172521,"calls":7500},"lossy_alpha":{"ns":160,"calls":2},"lossy_write":{"ns":327302,"calls":1},"lossy_iter_import":{"ns":1109543,"calls":7500},"lossy_side_info":{"ns":199450,"calls":7500},"lossy_emit_tokens":{"ns":614339,"calls":1},"lossy_post_loop":{"ns":1553,"calls":1}}}
{"schema":"libwebp-encoder-stage-v1","record_type":"encode","run_id":"","case_id":"","backend":"","pid":803555,"encode_index":91,"sample_role":"cold","method":4,"quality":75.000,"lossless":false,"exact":true,"thread_level":0,"width":512,"height":512,"pixels":262144,"ok":true,"error_code":0,"output_bytes":0,"metal_cross_color":false,"metal_hash":false,"total_ns":9425238,"stages":{"lossy_import":{"ns":397844,"calls":1},"lossy_encoder_init":{"ns":3788,"calls":1},"lossy_analyze":{"ns":13906,"calls":1},"lossy_encode_loop":{"ns":8915795,"calls":1},"lossy_decimate":{"ns":8056596,"calls":1025},"lossy_record_tokens":{"ns":23945,"calls":1024},"lossy_alpha":{"ns":100,"calls":2},"lossy_write":{"ns":92503,"calls":1},"lossy_iter_import":{"ns":127178,"calls":1024},"lossy_side_info":{"ns":27319,"calls":1024},"lossy_emit_tokens":{"ns":415978,"calls":1},"lossy_post_loop":{"ns":1343,"calls":1}}}
{"schema":"libwebp-encoder-stage-v1","record_type":"encode","run_id":"","case_id":"","backend":"","pid":803555,"encode_index":92,"sample_role":"cold","method":4,"quality":75.000,"lossless":false,"exact":true,"thread_level":0,"width":1600,"height":1200,"pixels":1920000,"ok":true,"error_code":0,"output_bytes":0,"metal_cross_color":false,"metal_hash":false,"total_ns":31730406,"stages":{"lossy_import":{"ns":2214752,"calls":1},"lossy_encoder_init":{"ns":4819,"calls":1},"lossy_analyze":{"ns":79739,"calls":1},"lossy_encode_loop":{"ns":26986523,"calls":1},"lossy_decimate":{"ns":21350810,"calls":7501},"lossy_record_tokens":{"ns":174869,"calls":7500},"lossy_alpha":{"ns":180,"calls":2},"lossy_write":{"ns":2442518,"calls":1},"lossy_iter_import":{"ns":786042,"calls":7500},"lossy_side_info":{"ns":198262,"calls":7500},"lossy_emit_tokens":{"ns":2737490,"calls":1},"lossy_post_loop":{"ns":1843,"calls":1}}}
{"schema":"libwebp-encoder-stage-v1","record_type":"encode","run_id":"","case_id":"","backend":"","pid":803555,"encode_index":93,"sample_role":"cold","method":4,"quality":75.000,"lossless":false,"exact":true,"thread_level":0,"width":512,"height":512,"pixels":262144,"ok":true,"error_code":0,"output_bytes":0,"metal_cross_color":false,"metal_hash":false,"total_ns":9968884,"stages":{"lossy_import":{"ns":411509,"calls":1},"lossy_encoder_init":{"ns":2886,"calls":1},"lossy_analyze":{"ns":13605,"calls":1},"lossy_encode_loop":{"ns":9232809,"calls":1},"lossy_decimate":{"ns":8115384,"calls":1025},"lossy_record_tokens":{"ns":23937,"calls":1024},"lossy_alpha":{"ns":90,"calls":2},"lossy_write":{"ns":306643,"calls":1},"lossy_iter_import":{"ns":110500,"calls":1024},"lossy_side_info":{"ns":27626,"calls":1024},"lossy_emit_tokens":{"ns":657920,"calls":1},"lossy_post_loop":{"ns":1202,"calls":1}}}
{"schema":"libwebp-encoder-stage-v1","record_type":"encode","run_id":"","case_id":"","backend":"","pid":803555,"encode_index":94,"sample_role":"cold","method":4,"quality":75.000,"lossless":false,"exact":true,"thread_level":0,"width":1600,"height":1200,"pixels":1920000,"ok":true,"error_code":0,"output_bytes":0,"metal_cross_color":false,"metal_hash":false,"total_ns":81823616,"stages":{"lossy_import":{"ns":2336931,"calls":1},"lossy_encoder_init":{"ns":4769,"calls":1},"lossy_analyze":{"ns":78196,"calls":1},"lossy_encode_loop":{"ns":69315522,"calls":1},"lossy_decimate":{"ns":46165551,"calls":7501},"lossy_record_tokens":{"ns":195138,"calls":7500},"lossy_alpha":{"ns":231,"calls":2},"lossy_write":{"ns":10084982,"calls":1},"lossy_iter_import":{"ns":744352,"calls":7500},"lossy_side_info":{"ns":225439,"calls":7500},"lossy_emit_tokens":{"ns":18526250,"calls":1},"lossy_post_loop":{"ns":2925,"calls":1}}}
{"schema":"libwebp-encoder-stage-v1","record_type":"encode","run_id":"","case_id":"","backend":"","pid":803555,"encode_index":95,"sample_role":"cold","method":4,"quality":75.000,"lossless":false,"exact":true,"thread_level":0,"width":512,"height":512,"pixels":262144,"ok":true,"error_code":0,"output_bytes":0,"metal_cross_color":false,"metal_hash":false,"total_ns":13157309,"stages":{"lossy_import":{"ns":431998,"calls":1},"lossy_encoder_init":{"ns":3196,"calls":1},"lossy_analyze":{"ns":22181,"calls":1},"lossy_encode_loop":{"ns":11793207,"calls":1},"lossy_decimate":{"ns":8063901,"calls":1025},"lossy_record_tokens":{"ns":22659,"calls":1024},"lossy_alpha":{"ns":151,"calls":2},"lossy_write":{"ns":904291,"calls":1},"lossy_iter_import":{"ns":77861,"calls":1024},"lossy_side_info":{"ns":27100,"calls":1024},"lossy_emit_tokens":{"ns":2838669,"calls":1},"lossy_post_loop":{"ns":2004,"calls":1}}}
